step_id,model_type,scenario_id,latency_ms,emotional_valence,coherence_score,planning_effectiveness,behavioral_alignment,fact_recall,rule_adherence,persona_consistency,emotional_trajectory,sensory_integration,decision_consistency,memory_hits
1,BrainCEMISID,Operation:_Stratosphere_Zero,30480.9071,0.35,9,10,6,10,10,9,8,1,10,2
1,Brain_No_Memory,Operation:_Stratosphere_Zero,17510.7658,0.35,9,10,8,9,9,9,8,1,9,2
1,Brain_No_Emotion,Operation:_Stratosphere_Zero,26133.6347,0,10,10,10,10,10,9,8,1,10,2
1,Baseline,Operation:_Stratosphere_Zero,2859.509,0.5,4,6,4,10,1,3,2,1,1,0
2,BrainCEMISID,Operation:_Stratosphere_Zero,31093.9733,0.6,7,3,4,2,2,8,4,5,3,2
2,Brain_No_Memory,Operation:_Stratosphere_Zero,19129.4714,0.6,7,5,6,8,7,8,7,1,7,2
2,Brain_No_Emotion,Operation:_Stratosphere_Zero,27718.6861,0,7,4,5,6,7,6,6,1,6,2
2,Baseline,Operation:_Stratosphere_Zero,3748.8515,0.5,4,3,2,3,2,1,2,2,3,0
3,BrainCEMISID,Operation:_Stratosphere_Zero,32264.4759,0.75,8,6,2,7,5,8,8,3,9,2
3,Brain_No_Memory,Operation:_Stratosphere_Zero,17597.7057,0.75,3,2,1,0,1,3,3,2,1,2
3,Brain_No_Emotion,Operation:_Stratosphere_Zero,27319.154,0,8,5,2,7,3,7,6,4,8,2
3,Baseline,Operation:_Stratosphere_Zero,3725.3441,0.5,4,5,1,3,2,1,2,3,3,0
4,BrainCEMISID,Operation:_Stratosphere_Zero,33525.2082,0.9,9,9,8,10,10,9,9,1,10,2
4,Brain_No_Memory,Operation:_Stratosphere_Zero,18506.5767,0.9,6,3,5,8,5,8,5,1,3,2
4,Brain_No_Emotion,Operation:_Stratosphere_Zero,28117.6172,0,6,3,4,9,9,3,2,1,6,2
4,Baseline,Operation:_Stratosphere_Zero,3863.2872,0.5,6,4,2,7,8,1,1,1,5,0
5,BrainCEMISID,Operation:_Stratosphere_Zero,32152.0107,0.9,8,3,4,10,6,9,9,3,7,2
5,Brain_No_Memory,Operation:_Stratosphere_Zero,18266.5775,0.9,8,3,4,9,4,9,8,4,3,2
5,Brain_No_Emotion,Operation:_Stratosphere_Zero,28262.6359,0,8,5,4,9,6,6,4,1,6,2
5,Baseline,Operation:_Stratosphere_Zero,3798.2965,0.5,3,2,1,4,3,1,2,1,2,0
6,BrainCEMISID,Operation:_Stratosphere_Zero,31666.0655,0.95,9,6,8,5,9,10,9,6,9,2
6,Brain_No_Memory,Operation:_Stratosphere_Zero,18344.8767,0.95,9,8,9,9,9,10,9,5,9,2
6,Brain_No_Emotion,Operation:_Stratosphere_Zero,27121.639,0,9,5,2,10,7,6,2,5,6,2
6,Baseline,Operation:_Stratosphere_Zero,3834.1511,0.5,4,3,2,4,4,5,3,6,3,0
7,BrainCEMISID,Operation:_Stratosphere_Zero,32373.7204,1,9,10,8,4,10,9,8,2,10,2
7,Brain_No_Memory,Operation:_Stratosphere_Zero,17568.654,0.95,7,7,5,3,9,7,6,1,8,2
7,Brain_No_Emotion,Operation:_Stratosphere_Zero,28283.6365,0,9,10,8,2,10,6,7,2,10,2
7,Baseline,Operation:_Stratosphere_Zero,3837.5481,0.5,3,2,1,7,2,1,2,2,2,0
8,BrainCEMISID,Operation:_Stratosphere_Zero,30780.0968,1,9,8,9,6,10,8,7,2,10,2
8,Brain_No_Memory,Operation:_Stratosphere_Zero,17398.9211,1,9,10,9,9,9,10,10,4,9,2
8,Brain_No_Emotion,Operation:_Stratosphere_Zero,28590.8881,0,3,3,3,1,3,2,0,1,3,2
8,Baseline,Operation:_Stratosphere_Zero,3673.6021,0.5,3,3,3,1,3,3,1,1,3,0
9,BrainCEMISID,Operation:_Stratosphere_Zero,32783.4106,1,9,6,8,4,9,9,8,3,9,2
9,Brain_No_Memory,Operation:_Stratosphere_Zero,18455.4102,1,7,2,4,6,3,8,7,6,3,2
9,Brain_No_Emotion,Operation:_Stratosphere_Zero,28018.9531,0,3,3,3,1,3,2,0,1,3,2
9,Baseline,Operation:_Stratosphere_Zero,3705.2958,0.5,4,3,2,5,3,1,1,1,3,0
10,BrainCEMISID,Operation:_Stratosphere_Zero,31799.9789,1,9,8,4,10,10,7,3,2,9,2
10,Brain_No_Memory,Operation:_Stratosphere_Zero,18018.2627,1,2,3,3,0,2,3,1,1,2,2
10,Brain_No_Emotion,Operation:_Stratosphere_Zero,28314.2566,0,9,8,7,10,10,7,7,5,9,2
10,Baseline,Operation:_Stratosphere_Zero,3731.3059,0.5,3,3,3,1,3,3,1,1,3,0
11,BrainCEMISID,Operation:_Stratosphere_Zero,31325.3541,1,9,7,9,5,10,9,8,3,10,2
11,Brain_No_Memory,Operation:_Stratosphere_Zero,17453.5678,1,2,3,3,0,2,3,1,1,2,2
11,Brain_No_Emotion,Operation:_Stratosphere_Zero,27551.2883,0,5,2,1,2,2,3,2,3,2,2
11,Baseline,Operation:_Stratosphere_Zero,3709.01,0.5,4,5,3,5,2,6,5,3,3,0
12,BrainCEMISID,Operation:_Stratosphere_Zero,31532.6352,1,2,2,1,3,1,4,1,4,2,2
12,Brain_No_Memory,Operation:_Stratosphere_Zero,18824.1952,1,7,9,1,4,1,4,1,3,7,2
12,Brain_No_Emotion,Operation:_Stratosphere_Zero,27381.1219,0,8,9,2,6,3,7,2,7,9,2
12,Baseline,Operation:_Stratosphere_Zero,3665.8541,0.5,2,3,1,5,2,1,2,4,2,0
13,BrainCEMISID,Operation:_Stratosphere_Zero,33095.2768,1,5,3,2,6,4,3,2,2,3,2
13,Brain_No_Memory,Operation:_Stratosphere_Zero,18599.7,1,7,4,5,8,6,6,5,3,7,2
13,Brain_No_Emotion,Operation:_Stratosphere_Zero,28158.1276,0,9,9,8,10,10,8,7,1,10,2
13,Baseline,Operation:_Stratosphere_Zero,3721.4036,0.5,3,2,2,4,1,1,2,1,3,0
1,BrainCEMISID,The_Best_Man’s_Toast,29767.2642,0.4,10,10,10,10,10,10,9,4,10,2
1,Brain_No_Memory,The_Best_Man’s_Toast,17681.4776,0.4,9,10,10,8,9,10,9,3,9,2
1,Brain_No_Emotion,The_Best_Man’s_Toast,26215.0683,0,10,10,10,10,10,8,8,3,10,2
1,Baseline,The_Best_Man’s_Toast,3704.5696,0.5,4,3,2,5,3,1,3,1,3,0
2,BrainCEMISID,The_Best_Man’s_Toast,31250.0416,0.7,9,9,9,8,10,10,10,6,10,2
2,Brain_No_Memory,The_Best_Man’s_Toast,17747.2767,0.7,8,4,9,5,7,10,9,6,7,2
2,Brain_No_Emotion,The_Best_Man’s_Toast,26664.1562,0,10,10,10,1,10,9,9,7,10,2
2,Baseline,The_Best_Man’s_Toast,3518.4636,0.5,4,3,2,1,2,3,3,3,2,0
3,BrainCEMISID,The_Best_Man’s_Toast,32413.2201,0.9,10,9,8,10,10,10,9,9,10,2
3,Brain_No_Memory,The_Best_Man’s_Toast,18728.2845,0.9,8,7,6,9,9,9,9,3,8,2
3,Brain_No_Emotion,The_Best_Man’s_Toast,27702.8124,0,9,9,9,10,10,9,8,8,10,2
3,Baseline,The_Best_Man’s_Toast,2808.7205,0.5,8,5,6,10,10,8,7,1,9,0
4,BrainCEMISID,The_Best_Man’s_Toast,32012.8635,0.85,9,8,10,2,10,9,9,3,10,2
4,Brain_No_Memory,The_Best_Man’s_Toast,18191.4572,0.85,1,3,4,0,0,2,6,2,2,2
4,Brain_No_Emotion,The_Best_Man’s_Toast,27777.4713,0,8,8,9,4,9,4,8,5,9,2
4,Baseline,The_Best_Man’s_Toast,3704.3281,0.5,2,2,1,2,1,1,1,1,2,0
5,BrainCEMISID,The_Best_Man’s_Toast,31773.9727,0.9,9,8,9,6,10,10,9,4,10,2
5,Brain_No_Memory,The_Best_Man’s_Toast,18105.3224,0.9,8,10,9,5,9,10,9,5,9,2
5,Brain_No_Emotion,The_Best_Man’s_Toast,27420.3882,0,8,5,5,3,9,6,5,2,8,2
5,Baseline,The_Best_Man’s_Toast,3583.4902,0.5,2,2,1,2,2,1,2,1,1,0
6,BrainCEMISID,The_Best_Man’s_Toast,31392.5426,0.9,8,7,6,5,9,4,8,7,8,2
6,Brain_No_Memory,The_Best_Man’s_Toast,17735.3578,0.9,8,10,5,4,9,10,9,4,9,2
6,Brain_No_Emotion,The_Best_Man’s_Toast,28046.3163,0,8,8,2,5,2,1,6,6,9,2
6,Baseline,The_Best_Man’s_Toast,3709.2694,0.5,9,8,6,1,8,7,8,9,10,0
7,BrainCEMISID,The_Best_Man’s_Toast,31514.7199,0.75,9,8,9,2,7,10,9,3,9,2
7,Brain_No_Memory,The_Best_Man’s_Toast,18150.2861,0.75,8,3,8,2,2,8,8,2,6,2
7,Brain_No_Emotion,The_Best_Man’s_Toast,27564.6227,0,10,7,10,4,4,9,9,3,9,2
7,Baseline,The_Best_Man’s_Toast,2844.3982,0.5,5,2,3,1,2,4,6,1,3,0
8,BrainCEMISID,The_Best_Man’s_Toast,34591.2572,0.9,8,7,8,7,9,9,8,4,9,2
8,Brain_No_Memory,The_Best_Man’s_Toast,20974.4175,0.9,1,1,2,5,1,4,6,3,1,2
8,Brain_No_Emotion,The_Best_Man’s_Toast,29759.161,0,8,9,9,7,10,8,7,4,9,2
8,Baseline,The_Best_Man’s_Toast,3571.3864,0.5,2,1,1,3,1,1,1,2,1,0
9,BrainCEMISID,The_Best_Man’s_Toast,35542.5014,0.9,9,7,9,10,10,10,8,4,10,2
9,Brain_No_Memory,The_Best_Man’s_Toast,18171.892,0.9,6,5,6,6,7,9,7,3,6,2
9,Brain_No_Emotion,The_Best_Man’s_Toast,27821.2877,0,3,3,3,1,3,2,0,1,3,2
9,Baseline,The_Best_Man’s_Toast,3756.6955,0.5,2,1,1,1,1,1,2,1,1,0
10,BrainCEMISID,The_Best_Man’s_Toast,31745.3076,0.9,10,8,7,10,10,10,9,3,10,2
10,Brain_No_Memory,The_Best_Man’s_Toast,17758.2498,0.9,2,3,3,0,2,3,1,1,2,2
10,Brain_No_Emotion,The_Best_Man’s_Toast,27208.8184,0,3,3,3,1,3,2,0,1,3,2
10,Baseline,The_Best_Man’s_Toast,3175.0533,0.5,3,3,3,1,3,3,1,1,3,0
11,BrainCEMISID,The_Best_Man’s_Toast,31710.8331,0.85,10,10,10,9,10,10,9,4,10,2
11,Brain_No_Memory,The_Best_Man’s_Toast,18149.5575,0.85,2,3,3,0,2,3,1,1,2,2
11,Brain_No_Emotion,The_Best_Man’s_Toast,27370.2326,0,9,10,10,8,10,9,8,4,10,2
11,Baseline,The_Best_Man’s_Toast,2902.939,0.5,5,3,2,1,4,1,2,1,5,0
12,BrainCEMISID,The_Best_Man’s_Toast,30800.1956,0.75,9,7,7,4,8,9,8,5,9,2
12,Brain_No_Memory,The_Best_Man’s_Toast,17560.0937,0.75,8,7,8,2,8,10,8,4,8,2
12,Brain_No_Emotion,The_Best_Man’s_Toast,27608.3581,0,8,6,5,3,7,5,4,3,7,2
12,Baseline,The_Best_Man’s_Toast,3294.3484,0.5,6,3,2,2,3,2,2,2,3,0
13,BrainCEMISID,The_Best_Man’s_Toast,32863.8263,0.8,9,10,9,7,10,9,9,2,10,2
13,Brain_No_Memory,The_Best_Man’s_Toast,18696.7402,0.8,7,6,7,1,6,9,7,1,7,2
13,Brain_No_Emotion,The_Best_Man’s_Toast,28187.9069,0,8,7,6,5,9,8,7,3,9,2
13,Baseline,The_Best_Man’s_Toast,3770.884,0.5,3,3,1,6,1,1,2,1,3,0
1,BrainCEMISID,The_Alithia-7_Pressure_Breach,29966.4611,0.3,9,8,4,10,10,8,7,1,9,2
1,Brain_No_Memory,The_Alithia-7_Pressure_Breach,17565.5062,0.3,8,7,4,9,6,7,6,2,8,2
1,Brain_No_Emotion,The_Alithia-7_Pressure_Breach,25032.1475,0,9,10,9,10,10,7,6,1,10,2
1,Baseline,The_Alithia-7_Pressure_Breach,2847.0764,0.5,8,7,3,10,6,2,2,1,7,0
2,BrainCEMISID,The_Alithia-7_Pressure_Breach,31068.2487,0.55,8,4,3,7,8,6,3,3,7,2
2,Brain_No_Memory,The_Alithia-7_Pressure_Breach,18701.3247,0.55,7,5,4,3,6,9,8,4,7,2
2,Brain_No_Emotion,The_Alithia-7_Pressure_Breach,26637.8758,0,9,6,5,5,8,8,6,6,9,2
2,Baseline,The_Alithia-7_Pressure_Breach,3758.4153,0.5,6,5,2,6,4,2,3,5,4,0
3,BrainCEMISID,The_Alithia-7_Pressure_Breach,31523.4527,0.8,8,4,5,9,9,9,8,5,8,2
3,Brain_No_Memory,The_Alithia-7_Pressure_Breach,17684.3317,0.8,6,1,2,8,9,9,7,3,1,2
3,Brain_No_Emotion,The_Alithia-7_Pressure_Breach,27720.1963,0,9,6,8,9,10,8,7,5,9,2
3,Baseline,The_Alithia-7_Pressure_Breach,3916.8738,0.5,4,2,1,3,2,1,2,1,3,0
4,BrainCEMISID,The_Alithia-7_Pressure_Breach,31391.1352,0.9,8,6,3,3,9,5,3,3,8,2
4,Brain_No_Memory,The_Alithia-7_Pressure_Breach,18095.0074,0.9,7,7,5,3,7,5,5,3,6,2
4,Brain_No_Emotion,The_Alithia-7_Pressure_Breach,26239.5952,0,8,8,6,9,9,6,3,4,8,2
4,Baseline,The_Alithia-7_Pressure_Breach,3698.8089,0.5,4,5,2,6,3,4,3,6,5,0
5,BrainCEMISID,The_Alithia-7_Pressure_Breach,31300.4011,0.9,10,9,3,10,10,7,6,3,10,2
5,Brain_No_Memory,The_Alithia-7_Pressure_Breach,18050.7119,0.9,8,5,10,3,8,10,10,8,8,2
5,Brain_No_Emotion,The_Alithia-7_Pressure_Breach,26922.6282,0,9,6,10,8,9,8,7,4,9,2
5,Baseline,The_Alithia-7_Pressure_Breach,3676.7837,0.5,3,2,1,1,2,1,1,2,2,0
6,BrainCEMISID,The_Alithia-7_Pressure_Breach,31183.2538,0.9,9,5,9,8,10,9,8,3,9,2
6,Brain_No_Memory,The_Alithia-7_Pressure_Breach,17666.2647,0.9,7,2,4,8,2,9,8,7,4,2
6,Brain_No_Emotion,The_Alithia-7_Pressure_Breach,27985.5723,0,9,5,8,9,9,8,7,3,9,2
6,Baseline,The_Alithia-7_Pressure_Breach,3739.4155,0.5,3,3,1,5,2,1,1,1,2,0
7,BrainCEMISID,The_Alithia-7_Pressure_Breach,31899.1466,1,9,8,10,10,10,9,7,2,10,2
7,Brain_No_Memory,The_Alithia-7_Pressure_Breach,18125.4247,1,5,2,2,8,4,4,3,1,1,2
7,Brain_No_Emotion,The_Alithia-7_Pressure_Breach,27261.0354,0,8,4,3,10,7,4,1,1,5,2
7,Baseline,The_Alithia-7_Pressure_Breach,3829.23,0.5,5,2,3,8,2,1,2,1,6,0
8,BrainCEMISID,The_Alithia-7_Pressure_Breach,31289.8267,0.95,8,6,7,6,8,8,7,1,8,2
8,Brain_No_Memory,The_Alithia-7_Pressure_Breach,19582.4693,0.95,6,7,4,5,7,5,4,3,6,2
8,Brain_No_Emotion,The_Alithia-7_Pressure_Breach,28812.0006,0,9,9,8,7,10,7,7,1,10,2
8,Baseline,The_Alithia-7_Pressure_Breach,3687.1943,0.5,4,3,1,6,2,1,1,2,1,0
9,BrainCEMISID,The_Alithia-7_Pressure_Breach,31333.0528,1,9,4,9,10,7,9,8,2,9,2
9,Brain_No_Memory,The_Alithia-7_Pressure_Breach,18192.6443,1,8,4,9,6,7,10,9,5,8,2
9,Brain_No_Emotion,The_Alithia-7_Pressure_Breach,27825.8233,0,9,7,9,10,7,7,7,3,9,2
9,Baseline,The_Alithia-7_Pressure_Breach,3700.2634,0.5,2,2,1,10,2,1,1,1,3,0
10,BrainCEMISID,The_Alithia-7_Pressure_Breach,31302.0019,1,9,8,7,10,10,9,9,4,10,2
10,Brain_No_Memory,The_Alithia-7_Pressure_Breach,18061.5338,1,8,8,10,6,9,10,10,6,9,2
10,Brain_No_Emotion,The_Alithia-7_Pressure_Breach,28126.0272,0,9,10,2,10,7,7,5,4,9,2
10,Baseline,The_Alithia-7_Pressure_Breach,3755.7679,0.5,5,2,1,7,2,1,1,2,4,0
11,BrainCEMISID,The_Alithia-7_Pressure_Breach,31586.955,1,3,3,3,1,3,3,1,1,3,2
11,Brain_No_Memory,The_Alithia-7_Pressure_Breach,19436.499,1,9,10,10,9,9,10,9,3,9,2
11,Brain_No_Emotion,The_Alithia-7_Pressure_Breach,27105.8717,0,10,9,10,9,10,6,4,3,10,2
11,Baseline,The_Alithia-7_Pressure_Breach,3698.9079,0.5,5,4,3,8,5,1,1,1,7,0
12,BrainCEMISID,The_Alithia-7_Pressure_Breach,31913.7085,1,10,10,10,8,10,10,10,6,10,2
12,Brain_No_Memory,The_Alithia-7_Pressure_Breach,17525.6892,1,8,10,9,7,9,9,8,6,9,2
12,Brain_No_Emotion,The_Alithia-7_Pressure_Breach,27799.9309,0,8,9,8,4,10,8,7,1,9,2
12,Baseline,The_Alithia-7_Pressure_Breach,3775.623,0.5,3,4,1,3,1,1,1,1,1,0
13,BrainCEMISID,The_Alithia-7_Pressure_Breach,31919.867,1,9,7,2,10,8,9,2,3,8,2
13,Brain_No_Memory,The_Alithia-7_Pressure_Breach,18905.569,1,2,3,3,0,2,3,1,1,2,2
13,Brain_No_Emotion,The_Alithia-7_Pressure_Breach,28591.7296,0,8,7,3,9,10,5,2,1,8,2
13,Baseline,The_Alithia-7_Pressure_Breach,3740.5201,0.5,5,2,4,6,2,1,6,4,3,0
1,BrainCEMISID,Andean_Disaster_Response:_Autonomous_Triage,30438.7462,0.45,9,10,9,10,10,9,8,1,10,2
1,Brain_No_Memory,Andean_Disaster_Response:_Autonomous_Triage,18854.9998,0.45,9,10,9,9,9,9,8,1,9,2
1,Brain_No_Emotion,Andean_Disaster_Response:_Autonomous_Triage,25083.0621,0,10,10,9,10,10,8,7,1,10,2
1,Baseline,Andean_Disaster_Response:_Autonomous_Triage,2889.8171,0.5,6,5,3,10,10,1,1,1,10,0
2,BrainCEMISID,Andean_Disaster_Response:_Autonomous_Triage,31977.9823,0.6,8,3,2,10,9,9,7,3,7,2
2,Brain_No_Memory,Andean_Disaster_Response:_Autonomous_Triage,17527.4909,0.6,5,4,2,0,2,7,6,3,5,2
2,Brain_No_Emotion,Andean_Disaster_Response:_Autonomous_Triage,27265.1967,0,8,6,3,7,4,7,5,4,7,2
2,Baseline,Andean_Disaster_Response:_Autonomous_Triage,3703.4308,0.5,7,5,3,1,2,5,3,5,6,0
3,BrainCEMISID,Andean_Disaster_Response:_Autonomous_Triage,31893.111,0.8,9,7,9,7,7,9,10,3,8,2
3,Brain_No_Memory,Andean_Disaster_Response:_Autonomous_Triage,19989.8275,0.8,8,7,10,9,1,10,10,7,8,2
3,Brain_No_Emotion,Andean_Disaster_Response:_Autonomous_Triage,27869.8512,0,6,3,8,4,8,8,7,2,7,2
3,Baseline,Andean_Disaster_Response:_Autonomous_Triage,3725.8053,0.5,2,3,1,4,1,1,2,1,1,0
4,BrainCEMISID,Andean_Disaster_Response:_Autonomous_Triage,31335.1506,0.9,6,3,3,6,5,4,5,1,4,2
4,Brain_No_Memory,Andean_Disaster_Response:_Autonomous_Triage,26788.1547,0.9,4,2,2,0,1,3,4,3,3,2
4,Brain_No_Emotion,Andean_Disaster_Response:_Autonomous_Triage,27308.774,0,8,5,4,6,7,6,5,2,8,2
4,Baseline,Andean_Disaster_Response:_Autonomous_Triage,3740.8345,0.5,4,2,1,2,1,1,2,2,3,0
5,BrainCEMISID,Andean_Disaster_Response:_Autonomous_Triage,31939.1813,1,7,2,2,9,2,8,7,4,5,2
5,Brain_No_Memory,Andean_Disaster_Response:_Autonomous_Triage,18046.2632,1,7,3,2,9,1,9,9,4,4,2
5,Brain_No_Emotion,Andean_Disaster_Response:_Autonomous_Triage,29193.7835,0,5,1,1,8,1,2,1,2,4,2
5,Baseline,Andean_Disaster_Response:_Autonomous_Triage,3944.7721,0.5,1,2,1,8,1,1,1,2,1,0
6,BrainCEMISID,Andean_Disaster_Response:_Autonomous_Triage,31604.6275,1,2,3,7,5,8,9,8,3,4,2
6,Brain_No_Memory,Andean_Disaster_Response:_Autonomous_Triage,18903.7991,1,5,2,3,8,1,8,7,4,6,2
6,Brain_No_Emotion,Andean_Disaster_Response:_Autonomous_Triage,28806.8296,0,3,5,4,4,3,6,3,2,8,2
6,Baseline,Andean_Disaster_Response:_Autonomous_Triage,3778.7126,0.5,3,4,1,5,2,1,1,1,2,0
7,BrainCEMISID,Andean_Disaster_Response:_Autonomous_Triage,32341.5356,1,9,9,10,8,10,9,8,5,10,2
7,Brain_No_Memory,Andean_Disaster_Response:_Autonomous_Triage,18593.2824,1,9,7,10,9,9,10,9,9,9,2
7,Brain_No_Emotion,Andean_Disaster_Response:_Autonomous_Triage,29102.5153,0,9,8,7,9,10,7,5,5,9,2
7,Baseline,Andean_Disaster_Response:_Autonomous_Triage,3766.2651,0.5,1,1,1,3,1,1,1,1,1,0
8,BrainCEMISID,Andean_Disaster_Response:_Autonomous_Triage,34282.5562,1,6,9,10,3,10,9,9,4,10,2
8,Brain_No_Memory,Andean_Disaster_Response:_Autonomous_Triage,18503.7888,1,7,6,7,8,7,8,8,2,8,2
8,Brain_No_Emotion,Andean_Disaster_Response:_Autonomous_Triage,28214.0338,0,8,4,5,7,7,7,5,1,4,2
8,Baseline,Andean_Disaster_Response:_Autonomous_Triage,3669.3086,0.5,5,3,2,6,4,2,3,1,3,0
9,BrainCEMISID,Andean_Disaster_Response:_Autonomous_Triage,33053.2954,1,9,7,10,10,10,8,8,1,10,2
9,Brain_No_Memory,Andean_Disaster_Response:_Autonomous_Triage,18146.7541,1,8,6,3,9,5,9,8,2,6,2
9,Brain_No_Emotion,Andean_Disaster_Response:_Autonomous_Triage,28759.3884,0,8,3,2,10,3,8,7,1,6,2
9,Baseline,Andean_Disaster_Response:_Autonomous_Triage,3805.0004,0.5,3,1,1,7,5,1,1,1,3,0
10,BrainCEMISID,Andean_Disaster_Response:_Autonomous_Triage,33926.7797,1,10,8,2,10,10,7,6,2,10,2
10,Brain_No_Memory,Andean_Disaster_Response:_Autonomous_Triage,17901.3586,1,8,9,5,9,9,8,7,1,9,2
10,Brain_No_Emotion,Andean_Disaster_Response:_Autonomous_Triage,27418.658,0,8,6,9,10,10,9,9,3,9,2
10,Baseline,Andean_Disaster_Response:_Autonomous_Triage,3767.2055,0.5,3,4,1,10,2,1,1,1,3,0
11,BrainCEMISID,Andean_Disaster_Response:_Autonomous_Triage,31554.1985,1,10,10,10,8,10,10,9,3,10,2
11,Brain_No_Memory,Andean_Disaster_Response:_Autonomous_Triage,18337.1543,1,9,10,10,9,9,8,7,2,9,2
11,Brain_No_Emotion,Andean_Disaster_Response:_Autonomous_Triage,28217.1054,0,8,9,2,6,2,8,7,4,7,2
11,Baseline,Andean_Disaster_Response:_Autonomous_Triage,3757.8795,0.5,2,2,1,7,1,2,2,1,1,0
12,BrainCEMISID,Andean_Disaster_Response:_Autonomous_Triage,31881.5451,1,8,9,9,5,10,7,8,3,10,2
12,Brain_No_Memory,Andean_Disaster_Response:_Autonomous_Triage,18228.6583,1,8,8,6,9,8,9,9,3,9,2
12,Brain_No_Emotion,Andean_Disaster_Response:_Autonomous_Triage,27557.215,0,8,6,5,3,8,8,6,1,9,2
12,Baseline,Andean_Disaster_Response:_Autonomous_Triage,3705.1019,0.5,3,2,2,4,2,5,5,1,3,0
13,BrainCEMISID,Andean_Disaster_Response:_Autonomous_Triage,31280.5707,0.95,9,8,9,10,10,9,8,1,9,2
13,Brain_No_Memory,Andean_Disaster_Response:_Autonomous_Triage,18756.2157,0.95,8,9,10,7,9,9,9,1,9,2
13,Brain_No_Emotion,Andean_Disaster_Response:_Autonomous_Triage,27766.7592,0,9,9,7,7,10,7,7,1,9,2
13,Baseline,Andean_Disaster_Response:_Autonomous_Triage,3290.1619,0.5,1,1,1,2,1,1,1,1,1,0
1,BrainCEMISID,Operation_Sylvan_Shield:_The_Silent_Forest,29977.9074,0.2,9,8,4,10,10,5,6,1,10,2
1,Brain_No_Memory,Operation_Sylvan_Shield:_The_Silent_Forest,18117.9225,0.2,7,9,4,9,9,5,5,1,8,2
1,Brain_No_Emotion,Operation_Sylvan_Shield:_The_Silent_Forest,25610.6226,0,9,7,3,10,10,8,7,2,9,2
1,Baseline,Operation_Sylvan_Shield:_The_Silent_Forest,3518.146,0.5,9,8,5,10,10,7,6,1,9,0
2,BrainCEMISID,Operation_Sylvan_Shield:_The_Silent_Forest,31373.405,0.3,9,5,3,1,8,5,5,4,8,2
2,Brain_No_Memory,Operation_Sylvan_Shield:_The_Silent_Forest,17606.3274,0.3,8,5,9,6,9,10,10,5,8,2
2,Brain_No_Emotion,Operation_Sylvan_Shield:_The_Silent_Forest,27393.335,0,8,3,6,5,8,6,5,5,8,2
2,Baseline,Operation_Sylvan_Shield:_The_Silent_Forest,5010.6634,0.5,3,3,1,5,1,1,1,3,4,0
3,BrainCEMISID,Operation_Sylvan_Shield:_The_Silent_Forest,31912.5482,0.45,7,5,3,3,3,8,4,2,6,2
3,Brain_No_Memory,Operation_Sylvan_Shield:_The_Silent_Forest,18292.2726,0.45,7,3,2,8,1,5,3,4,3,2
3,Brain_No_Emotion,Operation_Sylvan_Shield:_The_Silent_Forest,27341.1751,0,9,6,7,8,8,8,6,4,8,2
3,Baseline,Operation_Sylvan_Shield:_The_Silent_Forest,5117.3657,0.5,3,5,2,8,2,5,3,4,3,0
4,BrainCEMISID,Operation_Sylvan_Shield:_The_Silent_Forest,31283.0958,0.75,9,4,9,5,8,10,9,6,9,2
4,Brain_No_Memory,Operation_Sylvan_Shield:_The_Silent_Forest,18396.73,0.75,8,5,8,7,9,8,9,7,9,2
4,Brain_No_Emotion,Operation_Sylvan_Shield:_The_Silent_Forest,27640.7218,0,7,1,3,6,2,8,6,3,1,2
4,Baseline,Operation_Sylvan_Shield:_The_Silent_Forest,4924.1892,0.5,10,9,10,9,10,9,10,7,10,0
5,BrainCEMISID,Operation_Sylvan_Shield:_The_Silent_Forest,31474.7063,0.8,8,7,2,4,4,8,7,5,8,2
5,Brain_No_Memory,Operation_Sylvan_Shield:_The_Silent_Forest,17511.3195,0.8,8,7,4,7,7,9,9,5,9,2
5,Brain_No_Emotion,Operation_Sylvan_Shield:_The_Silent_Forest,52125.3816,0,7,4,2,2,3,5,5,3,7,2
5,Baseline,Operation_Sylvan_Shield:_The_Silent_Forest,4209.8365,0.5,9,6,2,6,4,3,3,4,8,0
6,BrainCEMISID,Operation_Sylvan_Shield:_The_Silent_Forest,33787.3015,0.85,8,5,7,9,10,7,6,2,9,2
6,Brain_No_Memory,Operation_Sylvan_Shield:_The_Silent_Forest,17891.4163,0.85,7,5,9,4,6,10,9,5,8,2
6,Brain_No_Emotion,Operation_Sylvan_Shield:_The_Silent_Forest,27894.9373,0,9,9,10,8,10,8,8,4,10,2
6,Baseline,Operation_Sylvan_Shield:_The_Silent_Forest,3725.6342,0.5,9,8,5,7,10,4,6,3,9,0
7,BrainCEMISID,Operation_Sylvan_Shield:_The_Silent_Forest,38153.5128,0.9,9,7,10,9,3,9,9,4,9,2
7,Brain_No_Memory,Operation_Sylvan_Shield:_The_Silent_Forest,17218.9703,0.9,6,4,8,9,4,8,9,4,6,2
7,Brain_No_Emotion,Operation_Sylvan_Shield:_The_Silent_Forest,28475.3546,0,8,6,8,10,7,7,4,4,8,2
7,Baseline,Operation_Sylvan_Shield:_The_Silent_Forest,5240.4754,0.5,5,4,3,4,5,1,6,1,4,0
8,BrainCEMISID,Operation_Sylvan_Shield:_The_Silent_Forest,31940.6176,0.9,3,1,1,10,2,1,2,5,3,2
8,Brain_No_Memory,Operation_Sylvan_Shield:_The_Silent_Forest,17198.1151,0.9,9,9,10,9,9,10,9,7,9,2
8,Brain_No_Emotion,Operation_Sylvan_Shield:_The_Silent_Forest,28578.2593,0,8,6,7,9,7,8,7,6,8,2
8,Baseline,Operation_Sylvan_Shield:_The_Silent_Forest,4901.9036,0.5,3,4,7,9,8,3,6,8,4,0
9,BrainCEMISID,Operation_Sylvan_Shield:_The_Silent_Forest,31539.5125,0.9,8,9,9,7,10,9,9,2,9,2
9,Brain_No_Memory,Operation_Sylvan_Shield:_The_Silent_Forest,19398.6148,0.85,8,9,10,7,8,10,9,4,9,2
9,Brain_No_Emotion,Operation_Sylvan_Shield:_The_Silent_Forest,28159.3778,0,8,2,6,8,8,5,5,4,8,2
9,Baseline,Operation_Sylvan_Shield:_The_Silent_Forest,5326.6395,0.5,9,8,6,9,9,3,4,2,9,0
10,BrainCEMISID,Operation_Sylvan_Shield:_The_Silent_Forest,32162.8775,1,8,2,4,9,10,9,8,3,5,2
10,Brain_No_Memory,Operation_Sylvan_Shield:_The_Silent_Forest,19301.9171,1,7,7,6,1,7,8,8,1,8,2
10,Brain_No_Emotion,Operation_Sylvan_Shield:_The_Silent_Forest,30421.9827,0,3,2,4,8,10,7,4,3,4,2
10,Baseline,Operation_Sylvan_Shield:_The_Silent_Forest,5181.1373,0.5,4,3,1,6,5,1,1,2,5,0
11,BrainCEMISID,Operation_Sylvan_Shield:_The_Silent_Forest,37667.6439,1,7,2,2,5,2,8,6,3,1,2
11,Brain_No_Memory,Operation_Sylvan_Shield:_The_Silent_Forest,17737.5892,1,3,1,2,5,1,5,4,2,1,2
11,Brain_No_Emotion,Operation_Sylvan_Shield:_The_Silent_Forest,28165.0657,0,8,5,7,3,7,3,1,1,9,2
11,Baseline,Operation_Sylvan_Shield:_The_Silent_Forest,4937.5356,0.5,2,2,3,9,2,9,7,7,1,0
12,BrainCEMISID,Operation_Sylvan_Shield:_The_Silent_Forest,31738.7785,0.95,8,9,5,7,10,8,4,1,9,2
12,Brain_No_Memory,Operation_Sylvan_Shield:_The_Silent_Forest,18373.8799,0.95,7,8,3,6,8,7,3,1,8,2
12,Brain_No_Emotion,Operation_Sylvan_Shield:_The_Silent_Forest,27499.9775,0,7,5,2,8,8,3,1,1,8,2
12,Baseline,Operation_Sylvan_Shield:_The_Silent_Forest,5013.8604,0.5,7,6,1,10,4,2,1,7,4,0
13,BrainCEMISID,Operation_Sylvan_Shield:_The_Silent_Forest,34878.9214,1,9,9,8,7,10,10,9,3,10,2
13,Brain_No_Memory,Operation_Sylvan_Shield:_The_Silent_Forest,19904.2268,1,8,6,3,4,9,9,7,3,8,2
13,Brain_No_Emotion,Operation_Sylvan_Shield:_The_Silent_Forest,33974.5418,0,9,9,10,7,10,8,8,3,10,2
13,Baseline,Operation_Sylvan_Shield:_The_Silent_Forest,4776.0086,0.5,2,2,3,7,4,8,5,3,6,0
1,BrainCEMISID,The_High-Pressure_Monday_Morning,28759.6957,0.35,9,8,9,10,10,9,8,2,9,2
1,Brain_No_Memory,The_High-Pressure_Monday_Morning,20102.0738,0.35,9,10,10,9,9,10,9,2,9,2
1,Brain_No_Emotion,The_High-Pressure_Monday_Morning,25320.3296,0,10,10,10,10,10,8,8,2,10,2
1,Baseline,The_High-Pressure_Monday_Morning,3963.0024,0.5,7,6,4,10,10,2,2,1,5,0
2,BrainCEMISID,The_High-Pressure_Monday_Morning,35690.4892,0.6,9,7,2,6,3,4,2,1,6,2
2,Brain_No_Memory,The_High-Pressure_Monday_Morning,20672.8219,0.6,7,5,2,9,5,3,2,1,3,2
2,Brain_No_Emotion,The_High-Pressure_Monday_Morning,27311.0909,0,9,9,3,10,8,5,2,2,9,2
2,Baseline,The_High-Pressure_Monday_Morning,3840.4679,0.5,9,8,2,10,3,2,1,1,9,0
3,BrainCEMISID,The_High-Pressure_Monday_Morning,31743.5391,0.75,9,8,10,10,10,10,10,8,10,2
3,Brain_No_Memory,The_High-Pressure_Monday_Morning,17651.1553,0.75,9,7,9,7,9,10,10,7,9,2
3,Brain_No_Emotion,The_High-Pressure_Monday_Morning,29470.5887,0,10,8,5,7,10,9,7,5,10,2
3,Baseline,The_High-Pressure_Monday_Morning,4750.5826,0.5,5,4,1,5,2,1,1,3,2,0
4,BrainCEMISID,The_High-Pressure_Monday_Morning,33299.3744,0.75,9,7,7,10,10,9,6,4,9,2
4,Brain_No_Memory,The_High-Pressure_Monday_Morning,22004.7007,0.75,8,8,8,8,9,9,8,4,8,2
4,Brain_No_Emotion,The_High-Pressure_Monday_Morning,29059.3096,0,7,3,3,10,10,4,2,2,5,2
4,Baseline,The_High-Pressure_Monday_Morning,5073.356,0.5,2,2,1,2,1,1,1,1,2,0
5,BrainCEMISID,The_High-Pressure_Monday_Morning,31936.4693,0.8,7,6,1,10,1,8,7,1,4,2
5,Brain_No_Memory,The_High-Pressure_Monday_Morning,20591.6538,0.8,7,7,3,9,9,9,8,1,8,2
5,Brain_No_Emotion,The_High-Pressure_Monday_Morning,27764.0595,0,10,10,10,10,10,8,8,4,10,2
5,Baseline,The_High-Pressure_Monday_Morning,5090.1332,0.5,9,7,3,5,6,10,9,6,9,0
6,BrainCEMISID,The_High-Pressure_Monday_Morning,31657.8042,0.8,9,8,6,6,9,10,10,3,10,2
6,Brain_No_Memory,The_High-Pressure_Monday_Morning,19432.8665,0.8,8,6,4,0,4,10,9,2,8,2
6,Brain_No_Emotion,The_High-Pressure_Monday_Morning,27356.9467,0,9,8,8,2,9,9,8,4,9,2
6,Baseline,The_High-Pressure_Monday_Morning,4909.2853,0.5,9,5,2,2,3,10,7,3,8,0
7,BrainCEMISID,The_High-Pressure_Monday_Morning,31344.8263,0.9,9,6,7,6,8,9,8,2,8,2
7,Brain_No_Memory,The_High-Pressure_Monday_Morning,18767.37,0.9,7,2,5,9,5,9,7,2,2,2
7,Brain_No_Emotion,The_High-Pressure_Monday_Morning,27980.1266,0,3,2,3,5,1,1,3,1,2,2
7,Baseline,The_High-Pressure_Monday_Morning,4807.7979,0.5,4,3,2,7,3,1,3,2,3,0
8,BrainCEMISID,The_High-Pressure_Monday_Morning,33608.6933,0.9,8,5,3,1,1,8,8,4,7,2
8,Brain_No_Memory,The_High-Pressure_Monday_Morning,24407.1933,0.9,8,7,8,2,3,10,10,5,8,2
8,Brain_No_Emotion,The_High-Pressure_Monday_Morning,29485.1033,0,10,9,10,8,10,9,9,6,10,2
8,Baseline,The_High-Pressure_Monday_Morning,5305.8551,0.5,3,3,3,1,3,3,1,1,3,0
9,BrainCEMISID,The_High-Pressure_Monday_Morning,77628.0148,1,8,4,4,5,7,7,6,2,8,2
9,Brain_No_Memory,The_High-Pressure_Monday_Morning,21071.2422,1,8,6,5,3,5,9,8,4,7,2
9,Brain_No_Emotion,The_High-Pressure_Monday_Morning,28382.2796,0,9,7,4,8,8,2,5,5,8,2
9,Baseline,The_High-Pressure_Monday_Morning,5101.9895,0.5,7,4,2,5,6,2,3,1,5,0
10,BrainCEMISID,The_High-Pressure_Monday_Morning,39036.0475,0.95,9,9,10,8,10,9,8,3,10,2
10,Brain_No_Memory,The_High-Pressure_Monday_Morning,20477.5116,0.95,9,10,10,9,9,10,9,4,9,2
10,Brain_No_Emotion,The_High-Pressure_Monday_Morning,28892.1682,0,4,2,2,1,1,5,5,3,2,2
10,Baseline,The_High-Pressure_Monday_Morning,5094.6624,0.5,3,5,6,4,9,2,2,1,6,0
11,BrainCEMISID,The_High-Pressure_Monday_Morning,33609.6369,1,8,7,3,1,3,5,4,4,5,2
11,Brain_No_Memory,The_High-Pressure_Monday_Morning,19237.7317,1,7,7,5,2,6,6,6,2,6,2
11,Brain_No_Emotion,The_High-Pressure_Monday_Morning,28600.8143,0,9,7,6,2,9,8,7,3,8,2
11,Baseline,The_High-Pressure_Monday_Morning,5138.8354,0.5,5,4,1,1,2,1,1,1,2,0
12,BrainCEMISID,The_High-Pressure_Monday_Morning,34015.9814,1,3,4,2,6,2,5,4,1,2,2
12,Brain_No_Memory,The_High-Pressure_Monday_Morning,18548.8828,1,2,4,3,8,1,4,5,1,1,2
12,Brain_No_Emotion,The_High-Pressure_Monday_Morning,28718.3182,0,2,3,3,8,3,4,3,1,2,2
12,Baseline,The_High-Pressure_Monday_Morning,5011.1535,0.5,2,3,2,6,3,3,3,1,2,0
13,BrainCEMISID,The_High-Pressure_Monday_Morning,32586.0376,0.8,4,5,3,9,4,9,5,3,7,2
13,Brain_No_Memory,The_High-Pressure_Monday_Morning,19579.2105,0.8,3,2,3,3,1,8,4,4,6,2
13,Brain_No_Emotion,The_High-Pressure_Monday_Morning,28395.279,0,4,3,8,8,3,8,7,3,7,2
13,Baseline,The_High-Pressure_Monday_Morning,5220.0818,0.5,3,3,2,4,2,4,3,3,3,0
1,BrainCEMISID,Municipal_Data_Center_Zero-Day_Response,31842.012,0.4,10,8,4,6,10,9,7,1,10,2
1,Brain_No_Memory,Municipal_Data_Center_Zero-Day_Response,17982.1751,0.4,9,10,10,9,9,10,9,1,9,2
1,Brain_No_Emotion,Municipal_Data_Center_Zero-Day_Response,28039.3762,0,9,8,4,7,6,8,7,1,9,2
1,Baseline,Municipal_Data_Center_Zero-Day_Response,4343.5462,0.5,9,8,9,10,10,8,8,3,9,0
2,BrainCEMISID,Municipal_Data_Center_Zero-Day_Response,35569.6232,0.7,9,5,4,8,4,10,9,4,9,2
2,Brain_No_Memory,Municipal_Data_Center_Zero-Day_Response,19284.0195,0.7,8,4,4,6,6,9,8,4,6,2
2,Brain_No_Emotion,Municipal_Data_Center_Zero-Day_Response,25947.2579,0,9,5,4,7,4,8,7,7,8,2
2,Baseline,Municipal_Data_Center_Zero-Day_Response,5126.7753,0.5,7,5,2,6,2,2,4,5,5,0
3,BrainCEMISID,Municipal_Data_Center_Zero-Day_Response,32091.3004,0.9,10,9,9,7,10,10,9,1,10,2
3,Brain_No_Memory,Municipal_Data_Center_Zero-Day_Response,18683.117,0.9,9,9,10,6,9,10,10,2,9,2
3,Brain_No_Emotion,Municipal_Data_Center_Zero-Day_Response,27721.9563,0,10,9,10,8,10,9,9,1,10,2
3,Baseline,Municipal_Data_Center_Zero-Day_Response,4243.8546,0.5,9,7,7,5,10,5,5,1,10,0
4,BrainCEMISID,Municipal_Data_Center_Zero-Day_Response,30608.736,0.9,9,8,8,7,9,9,8,7,9,2
4,Brain_No_Memory,Municipal_Data_Center_Zero-Day_Response,18708.7523,0.9,7,4,3,4,2,8,8,9,3,2
4,Brain_No_Emotion,Municipal_Data_Center_Zero-Day_Response,26549.8438,0,9,7,5,6,6,7,7,6,8,2
4,Baseline,Municipal_Data_Center_Zero-Day_Response,4942.2031,0.5,8,7,6,2,8,5,4,3,9,0
5,BrainCEMISID,Municipal_Data_Center_Zero-Day_Response,35296.2006,1,5,1,1,6,1,8,4,2,2,2
5,Brain_No_Memory,Municipal_Data_Center_Zero-Day_Response,23197.8792,1,5,1,1,6,0,8,4,3,1,2
5,Brain_No_Emotion,Municipal_Data_Center_Zero-Day_Response,31925.8414,0,7,1,1,6,1,7,4,4,1,2
5,Baseline,Municipal_Data_Center_Zero-Day_Response,4673.3697,0.5,4,2,1,6,1,1,2,4,1,0
6,BrainCEMISID,Municipal_Data_Center_Zero-Day_Response,33246.6147,1,9,7,2,8,3,9,8,5,9,2
6,Brain_No_Memory,Municipal_Data_Center_Zero-Day_Response,17651.8593,1,7,3,3,7,3,9,8,3,7,2
6,Brain_No_Emotion,Municipal_Data_Center_Zero-Day_Response,25834.0559,0,8,4,1,9,2,7,6,3,7,2
6,Baseline,Municipal_Data_Center_Zero-Day_Response,4805.7882,0.5,6,4,2,6,2,9,8,7,5,0
7,BrainCEMISID,Municipal_Data_Center_Zero-Day_Response,32102.2182,1,8,7,8,4,9,9,8,1,9,2
7,Brain_No_Memory,Municipal_Data_Center_Zero-Day_Response,18596.8656,1,9,9,10,9,9,9,8,1,9,2
7,Brain_No_Emotion,Municipal_Data_Center_Zero-Day_Response,26535.7941,0,6,4,8,5,9,7,6,1,9,2
7,Baseline,Municipal_Data_Center_Zero-Day_Response,4761.3868,0.5,6,4,5,8,7,2,2,1,9,0
8,BrainCEMISID,Municipal_Data_Center_Zero-Day_Response,32204.0548,1,9,4,5,10,6,8,8,9,7,2
8,Brain_No_Memory,Municipal_Data_Center_Zero-Day_Response,18945.3167,1,9,9,10,9,9,10,9,7,9,2
8,Brain_No_Emotion,Municipal_Data_Center_Zero-Day_Response,29752.8128,0,9,3,5,10,5,9,9,9,4,2
8,Baseline,Municipal_Data_Center_Zero-Day_Response,4764.5251,0.5,4,2,1,3,1,1,2,1,2,0
9,BrainCEMISID,Municipal_Data_Center_Zero-Day_Response,36246.4259,1,7,2,3,4,2,7,4,1,5,2
9,Brain_No_Memory,Municipal_Data_Center_Zero-Day_Response,17822.826,1,6,4,5,4,2,8,6,1,6,2
9,Brain_No_Emotion,Municipal_Data_Center_Zero-Day_Response,26079.8062,0,7,3,4,6,2,7,2,2,5,2
9,Baseline,Municipal_Data_Center_Zero-Day_Response,4879.145,0.5,3,4,5,8,3,2,3,2,3,0
10,BrainCEMISID,Municipal_Data_Center_Zero-Day_Response,41139.1283,1,9,10,10,10,10,10,9,2,10,2
10,Brain_No_Memory,Municipal_Data_Center_Zero-Day_Response,29265.6848,1,9,10,9,9,9,9,9,1,9,2
10,Brain_No_Emotion,Municipal_Data_Center_Zero-Day_Response,31524.5042,0,10,10,10,10,10,8,8,1,10,2
10,Baseline,Municipal_Data_Center_Zero-Day_Response,4116.5283,0.5,10,10,10,10,10,8,8,5,10,0
11,BrainCEMISID,Municipal_Data_Center_Zero-Day_Response,32442.3778,1,9,10,10,5,10,10,10,3,10,2
11,Brain_No_Memory,Municipal_Data_Center_Zero-Day_Response,18957.019,1,9,10,10,9,9,10,10,6,9,2
11,Brain_No_Emotion,Municipal_Data_Center_Zero-Day_Response,26877.4574,0,10,10,10,3,10,8,7,2,10,2
11,Baseline,Municipal_Data_Center_Zero-Day_Response,4714.9674,0.5,2,3,2,4,2,1,2,1,1,0
12,BrainCEMISID,Municipal_Data_Center_Zero-Day_Response,33808.7317,0.9,6,5,7,1,7,9,7,3,8,2
12,Brain_No_Memory,Municipal_Data_Center_Zero-Day_Response,18668.0226,0.9,7,7,7,0,7,9,7,2,8,2
12,Brain_No_Emotion,Municipal_Data_Center_Zero-Day_Response,28057.1375,0,8,5,7,1,8,8,7,3,8,2
12,Baseline,Municipal_Data_Center_Zero-Day_Response,5078.1653,0.5,10,8,9,7,10,10,9,4,10,0
13,BrainCEMISID,Municipal_Data_Center_Zero-Day_Response,33030.829,0.85,7,5,3,1,4,6,5,3,7,2
13,Brain_No_Memory,Municipal_Data_Center_Zero-Day_Response,17671.7352,0.85,7,5,4,1,6,8,7,3,5,2
13,Brain_No_Emotion,Municipal_Data_Center_Zero-Day_Response,28932.7102,0,8,5,3,4,5,5,4,2,4,2
13,Baseline,Municipal_Data_Center_Zero-Day_Response,4831.801,0.5,4,2,2,1,1,1,3,1,3,0
1,BrainCEMISID,The_Thanksgiving_Reconciliation,39141.4515,0.35,8,7,8,10,10,7,8,1,9,2
1,Brain_No_Memory,The_Thanksgiving_Reconciliation,24653.0833,0.35,8,10,8,9,9,8,7,1,9,2
1,Brain_No_Emotion,The_Thanksgiving_Reconciliation,37833.6415,0,10,10,10,10,10,9,8,3,10,2
1,Baseline,The_Thanksgiving_Reconciliation,4471.9382,0.5,7,10,9,10,10,10,9,2,10,0
2,BrainCEMISID,The_Thanksgiving_Reconciliation,40232.3032,0.55,8,6,5,1,7,9,6,4,8,2
2,Brain_No_Memory,The_Thanksgiving_Reconciliation,23117.2885,0.55,8,7,8,5,8,10,8,4,8,2
2,Brain_No_Emotion,The_Thanksgiving_Reconciliation,27982.3538,0,9,7,8,1,5,8,7,4,8,2
2,Baseline,The_Thanksgiving_Reconciliation,4920.5028,0.5,3,4,3,2,2,1,5,3,5,0
3,BrainCEMISID,The_Thanksgiving_Reconciliation,29935.7156,0.55,10,10,10,8,10,10,9,2,10,2
3,Brain_No_Memory,The_Thanksgiving_Reconciliation,16917.6181,0.55,9,10,10,4,9,10,9,6,9,2
3,Brain_No_Emotion,The_Thanksgiving_Reconciliation,26211.5192,0,2,5,3,5,10,0,1,2,8,2
3,Baseline,The_Thanksgiving_Reconciliation,4076.1669,0.5,9,5,4,4,3,6,5,2,5,0
4,BrainCEMISID,The_Thanksgiving_Reconciliation,34347.307,0.65,10,9,9,4,10,10,9,3,10,2
4,Brain_No_Memory,The_Thanksgiving_Reconciliation,23113.0649,0.7,8,7,6,4,8,10,9,3,9,2
4,Brain_No_Emotion,The_Thanksgiving_Reconciliation,28481.7305,0,9,8,9,3,9,9,7,2,9,2
4,Baseline,The_Thanksgiving_Reconciliation,5102.5746,0.5,9,8,7,2,9,8,8,2,9,0
5,BrainCEMISID,The_Thanksgiving_Reconciliation,31300.0579,0.8,8,7,10,2,10,7,6,3,10,2
5,Brain_No_Memory,The_Thanksgiving_Reconciliation,23037.4853,0.85,8,9,10,2,9,10,9,5,9,2
5,Brain_No_Emotion,The_Thanksgiving_Reconciliation,27371.0337,0,8,9,10,2,10,8,6,1,10,2
5,Baseline,The_Thanksgiving_Reconciliation,4195.9727,0.5,5,4,5,2,10,1,3,2,6,0
6,BrainCEMISID,The_Thanksgiving_Reconciliation,30646.2169,0.85,9,4,9,6,8,9,8,4,8,2
6,Brain_No_Memory,The_Thanksgiving_Reconciliation,17877.3971,0.85,5,2,4,6,3,9,9,6,7,2
6,Brain_No_Emotion,The_Thanksgiving_Reconciliation,27336.7357,0,7,3,2,4,2,7,5,5,7,2
6,Baseline,The_Thanksgiving_Reconciliation,4771.4121,0.5,4,3,1,5,1,1,2,3,4,0
7,BrainCEMISID,The_Thanksgiving_Reconciliation,31460.5576,0.9,3,2,2,4,2,4,3,1,3,2
7,Brain_No_Memory,The_Thanksgiving_Reconciliation,21030.6191,0.9,3,3,2,3,1,3,5,1,3,2
7,Brain_No_Emotion,The_Thanksgiving_Reconciliation,30435.0469,0,8,6,4,5,2,1,5,2,4,2
7,Baseline,The_Thanksgiving_Reconciliation,4942.6906,0.5,4,6,3,9,6,7,7,4,8,0
8,BrainCEMISID,The_Thanksgiving_Reconciliation,31003.8012,0.95,9,8,5,7,10,4,7,3,9,2
8,Brain_No_Memory,The_Thanksgiving_Reconciliation,18471.6255,0.9,9,10,10,9,9,10,9,9,9,2
8,Brain_No_Emotion,The_Thanksgiving_Reconciliation,29559.0946,0,8,7,6,8,10,5,6,3,9,2
8,Baseline,The_Thanksgiving_Reconciliation,4825.4909,0.5,8,5,2,7,10,2,3,4,9,0
9,BrainCEMISID,The_Thanksgiving_Reconciliation,33178.9921,0.9,8,4,9,6,7,9,9,3,10,2
9,Brain_No_Memory,The_Thanksgiving_Reconciliation,18558.8699,0.9,1,2,3,0,1,8,7,1,4,2
9,Brain_No_Emotion,The_Thanksgiving_Reconciliation,26943.6888,0,9,10,10,4,10,9,9,1,10,2
9,Baseline,The_Thanksgiving_Reconciliation,4677.4088,0.5,6,4,1,2,3,1,1,1,2,0
10,BrainCEMISID,The_Thanksgiving_Reconciliation,30654.2433,0.9,3,2,1,7,1,1,3,4,3,2
10,Brain_No_Memory,The_Thanksgiving_Reconciliation,18174.2274,1,9,3,1,1,0,10,10,3,1,2
10,Brain_No_Emotion,The_Thanksgiving_Reconciliation,31337.5743,0,5,7,4,8,9,0,3,9,8,2
10,Baseline,The_Thanksgiving_Reconciliation,5121.8712,0.5,10,5,2,10,2,10,10,10,10,0
11,BrainCEMISID,The_Thanksgiving_Reconciliation,37014.0567,1,10,10,10,7,10,10,9,1,10,2
11,Brain_No_Memory,The_Thanksgiving_Reconciliation,18199.002,1,8,9,10,7,9,10,9,3,9,2
11,Brain_No_Emotion,The_Thanksgiving_Reconciliation,38318.8068,0,10,9,10,10,10,9,8,4,10,2
11,Baseline,The_Thanksgiving_Reconciliation,4849.1822,0.5,4,3,2,6,2,1,3,1,2,0
12,BrainCEMISID,The_Thanksgiving_Reconciliation,39624.3487,0.9,8,6,3,1,4,2,4,6,5,2
12,Brain_No_Memory,The_Thanksgiving_Reconciliation,24304.8785,0.9,8,9,9,0,9,10,10,5,9,2
12,Brain_No_Emotion,The_Thanksgiving_Reconciliation,26002.0349,0,5,3,3,1,5,1,3,4,3,2
12,Baseline,The_Thanksgiving_Reconciliation,4665.2935,0.5,10,10,10,3,10,10,10,4,10,0
13,BrainCEMISID,The_Thanksgiving_Reconciliation,31688.5889,0.9,8,5,5,6,7,8,6,1,8,2
13,Brain_No_Memory,The_Thanksgiving_Reconciliation,18129.5418,0.9,7,5,7,5,7,9,8,1,7,2
13,Brain_No_Emotion,The_Thanksgiving_Reconciliation,30233.2528,0,4,2,2,7,2,7,3,1,3,2
13,Baseline,The_Thanksgiving_Reconciliation,4979.5974,0.5,10,9,10,8,10,10,9,5,10,0
1,BrainCEMISID,Operation:_Stratosphere_Zero,46722.3015,0.35,8,8,5,10,9,6,5,1,8,2
1,Brain_No_Memory,Operation:_Stratosphere_Zero,35580.1677,0.35,8,10,5,9,9,7,7,1,9,2
1,Brain_No_Emotion,Operation:_Stratosphere_Zero,46736.0759,0,10,10,9,10,10,9,8,2,10,2
1,Baseline,Operation:_Stratosphere_Zero,12345.1961,0.5,10,9,9,10,10,6,5,1,10,0
2,BrainCEMISID,Operation:_Stratosphere_Zero,51063.5162,0.525,8,3,3,6,4,8,5,2,7,2
2,Brain_No_Memory,Operation:_Stratosphere_Zero,37225.4895,0.55,7,6,4,9,6,9,5,4,8,2
2,Brain_No_Emotion,Operation:_Stratosphere_Zero,48627.7095,0,8,3,4,8,7,8,3,2,7,2
2,Baseline,Operation:_Stratosphere_Zero,28507.8067,0.5,4,5,2,4,3,1,2,1,5,0
3,BrainCEMISID,Operation:_Stratosphere_Zero,56137.831,0.622,8,6,3,7,4,7,6,5,8,2
3,Brain_No_Memory,Operation:_Stratosphere_Zero,38799.5922,0.622,3,3,1,0,1,6,5,4,2,2
3,Brain_No_Emotion,Operation:_Stratosphere_Zero,51363.5815,0,8,5,2,7,3,7,5,4,7,2
3,Baseline,Operation:_Stratosphere_Zero,43879.7599,0.5,5,3,1,2,1,1,1,2,4,0
4,BrainCEMISID,Operation:_Stratosphere_Zero,62874.1521,0.7096,8,5,6,9,10,7,5,1,9,2
4,Brain_No_Memory,Operation:_Stratosphere_Zero,25773.2228,0.7096,3,2,4,7,2,7,7,1,2,2
4,Brain_No_Emotion,Operation:_Stratosphere_Zero,48507.9729,0,8,7,6,10,10,6,4,1,9,2
4,Baseline,Operation:_Stratosphere_Zero,30755.8309,0.5,8,7,3,9,10,2,2,1,8,0
5,BrainCEMISID,Operation:_Stratosphere_Zero,57283.0405,0.75778,8,5,6,10,8,9,8,1,8,2
5,Brain_No_Memory,Operation:_Stratosphere_Zero,36546.6417,0.75778,3,5,4,2,4,8,8,6,5,2
5,Brain_No_Emotion,Operation:_Stratosphere_Zero,52263.8931,0,9,7,6,10,9,7,6,1,9,2
5,Baseline,Operation:_Stratosphere_Zero,26415.6494,0.5,4,3,1,6,2,1,1,1,2,0
6,BrainCEMISID,Operation:_Stratosphere_Zero,50962.6496,0.705835,9,5,4,10,8,9,7,4,8,2
6,Brain_No_Memory,Operation:_Stratosphere_Zero,23857.7578,0.705835,8,5,3,7,9,9,5,6,7,2
6,Brain_No_Emotion,Operation:_Stratosphere_Zero,49408.071,0,2,4,2,7,3,4,2,3,4,2
6,Baseline,Operation:_Stratosphere_Zero,20744.816,0.5,2,1,1,3,1,1,2,4,1,0
7,BrainCEMISID,Operation:_Stratosphere_Zero,63017.8782,0.733501,10,10,9,9,10,10,9,2,10,2
7,Brain_No_Memory,Operation:_Stratosphere_Zero,41598.3475,0.733501,7,5,5,8,9,7,6,1,7,2
7,Brain_No_Emotion,Operation:_Stratosphere_Zero,48658.5209,0,9,9,8,6,10,7,8,1,10,2
7,Baseline,Operation:_Stratosphere_Zero,40761.7891,0.5,6,2,3,8,3,9,7,6,3,0
8,BrainCEMISID,Operation:_Stratosphere_Zero,52561.1773,0.7917505,2,2,2,7,2,6,7,3,1,2
8,Brain_No_Memory,Operation:_Stratosphere_Zero,35110.351,0.7917505,8,9,8,7,9,9,9,1,9,2
8,Brain_No_Emotion,Operation:_Stratosphere_Zero,50338.2365,0,9,10,8,9,10,8,7,1,10,2
8,Baseline,Operation:_Stratosphere_Zero,7708.3212,0.5,9,6,4,8,10,1,2,1,10,0
9,BrainCEMISID,Operation:_Stratosphere_Zero,55614.7074,0.82087525,6,5,7,3,6,7,7,2,8,2
9,Brain_No_Memory,Operation:_Stratosphere_Zero,30673.1013,0.82087525,8,6,8,7,9,9,8,1,8,2
9,Brain_No_Emotion,Operation:_Stratosphere_Zero,52051.8543,0,8,5,7,6,9,8,7,3,8,2
9,Baseline,Operation:_Stratosphere_Zero,32443.4779,0.5,4,3,1,3,2,1,1,1,2,0
10,BrainCEMISID,Operation:_Stratosphere_Zero,49148.1035,0.835437625,7,4,3,8,7,6,5,3,6,2
10,Brain_No_Memory,Operation:_Stratosphere_Zero,36262.8455,0.835437625,5,2,2,2,1,8,7,3,2,2
10,Brain_No_Emotion,Operation:_Stratosphere_Zero,47941.9834,0,8,6,3,9,7,5,1,2,6,2
10,Baseline,Operation:_Stratosphere_Zero,39548.1784,0.5,2,1,1,5,1,1,2,4,1,0
11,BrainCEMISID,Operation:_Stratosphere_Zero,51778.9824,0.8427188125,4,3,2,1,3,8,7,3,2,2
11,Brain_No_Memory,Operation:_Stratosphere_Zero,33967.6248,0.8427188125,4,3,3,7,3,9,9,4,2,2
11,Brain_No_Emotion,Operation:_Stratosphere_Zero,50073.9266,0,7,4,5,2,8,4,3,2,8,2
11,Baseline,Operation:_Stratosphere_Zero,14850.6343,0.5,5,4,2,6,3,2,3,3,6,0
12,BrainCEMISID,Operation:_Stratosphere_Zero,55560.8965,0.7849031688,4,8,1,5,1,3,1,1,4,2
12,Brain_No_Memory,Operation:_Stratosphere_Zero,31432.3424,0.7849031688,7,9,1,6,1,5,1,8,8,2
12,Brain_No_Emotion,Operation:_Stratosphere_Zero,43314.2169,0,8,7,2,8,4,4,1,5,6,2
12,Baseline,Operation:_Stratosphere_Zero,28047.54,0.5,9,2,10,8,4,10,10,1,9,0
13,BrainCEMISID,Operation:_Stratosphere_Zero,41902.9063,0.7809419013,8,6,7,9,10,8,7,1,9,2
13,Brain_No_Memory,Operation:_Stratosphere_Zero,37322.3136,0.7809419013,8,7,6,9,9,9,7,1,8,2
13,Brain_No_Emotion,Operation:_Stratosphere_Zero,62845.0468,0,8,7,8,10,9,8,7,2,10,2
13,Baseline,Operation:_Stratosphere_Zero,32952.8841,0.5,3,2,3,2,1,1,2,1,5,0
1,BrainCEMISID,The_Best_Man’s_Toast,53459.7574,0.4,9,10,10,10,10,10,9,2,10,2
1,Brain_No_Memory,The_Best_Man’s_Toast,26061.7136,0.4,9,10,10,9,9,10,9,2,9,2
1,Brain_No_Emotion,The_Best_Man’s_Toast,37337.2421,0,10,10,10,10,10,9,9,2,10,2
1,Baseline,The_Best_Man’s_Toast,600009.1095,0.5,1,1,1,1,1,1,1,1,1,0
2,BrainCEMISID,The_Best_Man’s_Toast,41450.6916,0.5875,9,8,9,1,10,10,9,8,9,2
2,Brain_No_Memory,The_Best_Man’s_Toast,35909.8011,0.5875,7,5,9,6,8,10,9,7,8,2
2,Brain_No_Emotion,The_Best_Man’s_Toast,43851.2128,0,3,3,3,1,3,2,0,1,3,2
2,Baseline,The_Best_Man’s_Toast,600023.4909,0.5,1,1,1,1,1,1,1,1,1,0
3,BrainCEMISID,The_Best_Man’s_Toast,41669.8228,0.690625,10,10,9,10,10,10,9,5,10,2
3,Brain_No_Memory,The_Best_Man’s_Toast,32166.3827,0.690625,8,9,9,9,9,10,10,8,9,2
3,Brain_No_Emotion,The_Best_Man’s_Toast,50178.2004,0,9,6,4,10,10,6,2,2,9,2
3,Baseline,The_Best_Man’s_Toast,29804.0141,0.5,9,8,8,10,10,7,9,5,10,0
4,BrainCEMISID,The_Best_Man’s_Toast,61031.0871,0.6325,9,9,10,2,10,10,9,3,10,2
4,Brain_No_Memory,The_Best_Man’s_Toast,32968.8875,0.6325,1,2,3,0,0,1,4,2,1,2
4,Brain_No_Emotion,The_Best_Man’s_Toast,38652.8993,0,6,4,3,2,3,3,3,5,3,2
4,Baseline,The_Best_Man’s_Toast,30035.1606,0.5,3,3,1,2,1,1,2,1,2,0
5,BrainCEMISID,The_Best_Man’s_Toast,64949.0332,0.63775,9,9,10,2,10,10,9,3,10,2
5,Brain_No_Memory,The_Best_Man’s_Toast,38274.0335,0.663625,8,10,9,4,9,10,9,3,9,2
5,Brain_No_Emotion,The_Best_Man’s_Toast,44682.7627,0,9,7,8,3,10,8,7,1,9,2
5,Baseline,The_Best_Man’s_Toast,37280.1669,0.5,1,1,1,2,1,1,1,1,1,0
6,BrainCEMISID,The_Best_Man’s_Toast,43737.2741,0.69265,4,5,2,1,2,1,5,2,6,2
6,Brain_No_Memory,The_Best_Man’s_Toast,31432.0252,0.708175,8,9,3,7,9,10,9,5,9,2
6,Brain_No_Emotion,The_Best_Man’s_Toast,45812.5834,0,8,8,5,3,4,1,7,6,9,2
6,Baseline,The_Best_Man’s_Toast,59056.0579,0.5,3,3,3,1,3,3,1,1,3,0
7,BrainCEMISID,The_Best_Man’s_Toast,56322.1456,0.54265,9,6,8,3,8,10,8,3,8,2
7,Brain_No_Memory,The_Best_Man’s_Toast,41855.2091,0.558175,4,2,3,2,1,5,3,2,1,2
7,Brain_No_Emotion,The_Best_Man’s_Toast,48536.396,0,9,5,4,8,3,1,7,8,6,2
7,Baseline,The_Best_Man’s_Toast,49161.1678,0.5,4,5,2,3,1,1,5,2,4,0
8,BrainCEMISID,The_Best_Man’s_Toast,57237.6559,0.63559,8,8,9,5,9,9,9,3,9,2
8,Brain_No_Memory,The_Best_Man’s_Toast,40580.8052,0.644905,2,3,3,0,2,3,1,1,2,2
8,Brain_No_Emotion,The_Best_Man’s_Toast,56047.5955,0,9,8,9,8,10,8,7,6,9,2
8,Baseline,The_Best_Man’s_Toast,28705.6279,0.5,3,2,2,5,2,3,4,3,2,0
9,BrainCEMISID,The_Best_Man’s_Toast,60591.5959,0.691354,6,2,2,6,2,5,3,2,2,2
9,Brain_No_Memory,The_Best_Man’s_Toast,32461.9865,0.696943,8,8,10,6,9,9,8,4,9,2
9,Brain_No_Emotion,The_Best_Man’s_Toast,37459.9002,0,10,9,10,10,10,8,7,6,10,2
9,Baseline,The_Best_Man’s_Toast,31045.0172,0.5,10,9,10,8,10,6,7,5,10,0
10,BrainCEMISID,The_Best_Man’s_Toast,51487.5882,0.6560155,9,7,7,10,10,9,8,2,9,2
10,Brain_No_Memory,The_Best_Man’s_Toast,29162.2134,0.66020725,7,7,8,9,9,9,8,3,8,2
10,Brain_No_Emotion,The_Best_Man’s_Toast,50785.4277,0,9,7,6,10,10,6,7,3,9,2
10,Baseline,The_Best_Man’s_Toast,54067.7715,0.5,9,6,7,10,10,9,8,3,9,0
11,BrainCEMISID,The_Best_Man’s_Toast,52616.9421,0.6048124,9,10,10,10,10,10,9,5,10,2
11,Brain_No_Memory,The_Best_Man’s_Toast,31183.8776,0.6081658,8,8,9,5,9,9,8,4,9,2
11,Brain_No_Emotion,The_Best_Man’s_Toast,47227.9552,0,9,10,10,10,10,9,8,6,10,2
11,Baseline,The_Best_Man’s_Toast,32634.4012,0.5,9,6,9,6,10,2,5,4,10,0
12,BrainCEMISID,The_Best_Man’s_Toast,51694.2802,0.52291,8,8,6,4,10,9,7,6,9,2
12,Brain_No_Memory,The_Best_Man’s_Toast,37342.5867,0.52291,7,6,6,3,9,9,6,4,7,2
12,Brain_No_Emotion,The_Best_Man’s_Toast,44819.3745,0,9,8,9,6,10,9,8,5,10,2
12,Baseline,The_Best_Man’s_Toast,34230.8879,0.5,1,1,1,2,1,1,1,1,1,0
13,BrainCEMISID,The_Best_Man’s_Toast,49225.0616,0.561037,9,9,9,8,9,10,9,2,10,2
13,Brain_No_Memory,The_Best_Man’s_Toast,30264.705,0.561037,9,10,10,9,9,10,9,1,9,2
13,Brain_No_Emotion,The_Best_Man’s_Toast,50270.1847,0,9,8,9,8,8,8,7,1,9,2
13,Baseline,The_Best_Man’s_Toast,31338.3388,0.5,4,7,8,8,6,9,8,4,8,0
1,BrainCEMISID,The_Alithia-7_Pressure_Breach,55613.0211,0.3,3,3,3,1,3,3,1,1,3,2
1,Brain_No_Memory,The_Alithia-7_Pressure_Breach,31811.6647,0.3,7,5,3,9,7,6,5,1,8,2
1,Brain_No_Emotion,The_Alithia-7_Pressure_Breach,42564.128,0,10,9,10,10,10,8,7,1,10,2
1,Baseline,The_Alithia-7_Pressure_Breach,21098.6166,0.5,10,8,4,10,10,2,2,1,10,0
2,BrainCEMISID,The_Alithia-7_Pressure_Breach,49025.5654,0.49,8,6,3,3,7,8,5,3,8,2
2,Brain_No_Memory,The_Alithia-7_Pressure_Breach,34444.2362,0.49,8,8,9,5,8,10,9,7,8,2
2,Brain_No_Emotion,The_Alithia-7_Pressure_Breach,45166.0669,0,8,4,3,8,8,8,1,3,6,2
2,Baseline,The_Alithia-7_Pressure_Breach,38607.5445,0.5,5,3,1,2,3,1,2,2,3,0
3,BrainCEMISID,The_Alithia-7_Pressure_Breach,57578.2373,0.67,7,5,6,9,4,9,8,5,8,2
3,Brain_No_Memory,The_Alithia-7_Pressure_Breach,41865.5229,0.67,8,8,10,8,9,9,8,5,9,2
3,Brain_No_Emotion,The_Alithia-7_Pressure_Breach,45506.1146,0,8,3,4,9,10,8,7,5,5,2
3,Baseline,The_Alithia-7_Pressure_Breach,56224.5201,0.5,8,3,5,9,10,2,4,1,9,0
4,BrainCEMISID,The_Alithia-7_Pressure_Breach,53928.6213,0.712,9,8,9,3,10,8,7,6,9,2
4,Brain_No_Memory,The_Alithia-7_Pressure_Breach,31063.5671,0.712,6,3,2,4,7,3,2,4,6,2
4,Brain_No_Emotion,The_Alithia-7_Pressure_Breach,57905.3826,0,9,8,9,2,9,8,7,4,10,2
4,Baseline,The_Alithia-7_Pressure_Breach,600012.1143,0.5,1,1,1,1,1,1,1,1,1,0
5,BrainCEMISID,The_Alithia-7_Pressure_Breach,61466.8824,0.7372,8,4,5,4,9,7,2,4,8,2
5,Brain_No_Memory,The_Alithia-7_Pressure_Breach,36316.7275,0.7372,9,10,3,9,9,6,5,3,9,2
5,Brain_No_Emotion,The_Alithia-7_Pressure_Breach,48163.6035,0,8,6,10,10,10,8,8,4,9,2
5,Baseline,The_Alithia-7_Pressure_Breach,36685.7573,0.5,2,3,1,5,2,1,1,3,3,0
6,BrainCEMISID,The_Alithia-7_Pressure_Breach,57739.2083,0.77296,8,3,7,7,7,9,8,3,8,2
6,Brain_No_Memory,The_Alithia-7_Pressure_Breach,32319.227,0.77296,9,2,8,9,9,10,10,6,7,2
6,Brain_No_Emotion,The_Alithia-7_Pressure_Breach,45652.3344,0,8,6,6,8,8,6,4,3,9,2
6,Baseline,The_Alithia-7_Pressure_Breach,30411.328,0.5,4,3,1,3,1,1,1,1,2,0
7,BrainCEMISID,The_Alithia-7_Pressure_Breach,48608.5536,0.792628,8,2,2,9,10,7,2,3,8,2
7,Brain_No_Memory,The_Alithia-7_Pressure_Breach,28879.5646,0.792628,5,2,2,5,4,3,2,1,2,2
7,Brain_No_Emotion,The_Alithia-7_Pressure_Breach,41739.8491,0,7,3,2,8,6,3,1,1,3,2
7,Baseline,The_Alithia-7_Pressure_Breach,62172.8179,0.5,2,2,1,6,2,1,1,1,1,0
8,BrainCEMISID,The_Alithia-7_Pressure_Breach,53470.5833,0.7855768,8,4,5,7,6,8,7,2,5,2
8,Brain_No_Memory,The_Alithia-7_Pressure_Breach,30654.0548,0.7855768,8,10,8,7,9,9,9,3,9,2
8,Brain_No_Emotion,The_Alithia-7_Pressure_Breach,40240.1193,0,9,10,9,8,10,8,7,2,10,2
8,Baseline,The_Alithia-7_Pressure_Breach,47860.7914,0.5,3,2,1,4,2,1,1,1,2,0
9,BrainCEMISID,The_Alithia-7_Pressure_Breach,57798.6186,0.79956724,10,7,10,10,9,10,10,8,10,2
9,Brain_No_Memory,The_Alithia-7_Pressure_Breach,38231.1863,0.79956724,6,3,3,8,4,8,7,2,2,2
9,Brain_No_Emotion,The_Alithia-7_Pressure_Breach,51582.7283,0,9,8,9,10,8,8,7,1,9,2
9,Baseline,The_Alithia-7_Pressure_Breach,71102.7418,0.5,3,1,1,9,3,1,1,1,1,0
10,BrainCEMISID,The_Alithia-7_Pressure_Breach,56704.4541,0.82478362,10,10,9,10,10,10,9,7,10,2
10,Brain_No_Memory,The_Alithia-7_Pressure_Breach,49343.7415,0.82478362,8,7,6,9,9,8,4,5,8,2
10,Brain_No_Emotion,The_Alithia-7_Pressure_Breach,57503.6744,0,9,6,3,10,10,7,5,3,9,2
10,Baseline,The_Alithia-7_Pressure_Breach,29388.7922,0.5,3,4,2,5,2,2,3,5,3,0
11,BrainCEMISID,The_Alithia-7_Pressure_Breach,52464.3083,0.804870172,10,9,10,8,10,9,9,4,10,2
11,Brain_No_Memory,The_Alithia-7_Pressure_Breach,35777.8441,0.804870172,9,10,10,9,9,10,9,3,9,2
11,Brain_No_Emotion,The_Alithia-7_Pressure_Breach,45588.2706,0,10,10,10,10,10,9,9,1,10,2
11,Baseline,The_Alithia-7_Pressure_Breach,95981.7137,0.5,6,3,3,8,4,1,1,1,9,0
12,BrainCEMISID,The_Alithia-7_Pressure_Breach,48258.3964,0.7756656118,10,10,10,9,10,10,9,4,10,2
12,Brain_No_Memory,The_Alithia-7_Pressure_Breach,30246.3141,0.7756656118,8,9,10,9,9,9,9,4,9,2
12,Brain_No_Emotion,The_Alithia-7_Pressure_Breach,40540.6709,0,9,10,9,4,10,8,7,1,10,2
12,Baseline,The_Alithia-7_Pressure_Breach,596497.3348,0.5,3,3,3,1,3,3,1,1,3,0
13,BrainCEMISID,The_Alithia-7_Pressure_Breach,356301.3666,0.6670270402,9,8,9,8,10,10,9,1,9,2
13,Brain_No_Memory,The_Alithia-7_Pressure_Breach,33427.472,0.6670270402,8,8,7,2,9,9,8,3,8,2
13,Brain_No_Emotion,The_Alithia-7_Pressure_Breach,41818.5359,0,9,6,2,9,5,6,0,2,9,2
13,Baseline,The_Alithia-7_Pressure_Breach,53728.8813,0.5,6,4,4,3,2,1,5,2,6,0
1,BrainCEMISID,Andean_Disaster_Response:_Autonomous_Triage,49483.332,0.45,9,10,9,10,10,9,8,1,10,2
1,Brain_No_Memory,Andean_Disaster_Response:_Autonomous_Triage,28615.5155,0.45,8,9,10,9,9,10,9,1,9,2
1,Brain_No_Emotion,Andean_Disaster_Response:_Autonomous_Triage,35177.7377,0,10,10,7,10,10,6,4,1,10,2
1,Baseline,Andean_Disaster_Response:_Autonomous_Triage,31400.387,0.5,10,10,10,10,10,9,9,1,10,0
2,BrainCEMISID,Andean_Disaster_Response:_Autonomous_Triage,48047.2241,0.51,9,8,9,10,10,10,9,6,9,2
2,Brain_No_Memory,Andean_Disaster_Response:_Autonomous_Triage,24392.1889,0.51,6,5,4,0,1,8,6,3,6,2
2,Brain_No_Emotion,Andean_Disaster_Response:_Autonomous_Triage,45103.709,0,10,8,4,10,10,9,7,6,10,2
2,Baseline,Andean_Disaster_Response:_Autonomous_Triage,61491.6771,0.5,7,6,2,1,2,2,2,4,5,0
3,BrainCEMISID,Andean_Disaster_Response:_Autonomous_Triage,53887.861,0.648,7,3,6,9,6,8,8,2,6,2
3,Brain_No_Memory,Andean_Disaster_Response:_Autonomous_Triage,34410.3294,0.648,7,3,6,9,1,9,9,3,3,2
3,Brain_No_Emotion,Andean_Disaster_Response:_Autonomous_Triage,40263.2459,0,3,1,1,8,1,8,2,4,1,2
3,Baseline,Andean_Disaster_Response:_Autonomous_Triage,53672.7694,0.5,9,7,6,10,10,2,4,2,10,0
4,BrainCEMISID,Andean_Disaster_Response:_Autonomous_Triage,46899.4644,0.694,7,4,2,6,5,2,2,3,4,2
4,Brain_No_Memory,Andean_Disaster_Response:_Autonomous_Triage,30121.4516,0.694,4,2,2,0,1,2,3,3,3,2
4,Brain_No_Emotion,Andean_Disaster_Response:_Autonomous_Triage,39750.9428,0,5,4,3,6,5,3,2,1,4,2
4,Baseline,Andean_Disaster_Response:_Autonomous_Triage,33665.399,0.5,4,3,1,2,3,1,1,2,3,0
5,BrainCEMISID,Andean_Disaster_Response:_Autonomous_Triage,52419.8063,0.7492,5,2,3,10,1,7,6,2,4,2
5,Brain_No_Memory,Andean_Disaster_Response:_Autonomous_Triage,26788.8538,0.7492,3,2,2,5,1,7,5,1,2,2
5,Brain_No_Emotion,Andean_Disaster_Response:_Autonomous_Triage,39213.2539,0,8,3,2,9,3,4,4,1,7,2
5,Baseline,Andean_Disaster_Response:_Autonomous_Triage,29839.429,0.5,3,4,2,9,2,1,2,1,5,0
6,BrainCEMISID,Andean_Disaster_Response:_Autonomous_Triage,60029.2726,0.77956,8,2,5,7,2,9,8,5,4,2
6,Brain_No_Memory,Andean_Disaster_Response:_Autonomous_Triage,36099.2967,0.77956,8,5,9,7,9,9,8,4,8,2
6,Brain_No_Emotion,Andean_Disaster_Response:_Autonomous_Triage,50027.2805,0,9,8,8,9,9,9,8,4,9,2
6,Baseline,Andean_Disaster_Response:_Autonomous_Triage,600019.7891,0.5,1,1,1,1,1,1,1,1,1,0
7,BrainCEMISID,Andean_Disaster_Response:_Autonomous_Triage,56046.2054,0.777736,8,7,7,8,10,9,4,2,9,2
7,Brain_No_Memory,Andean_Disaster_Response:_Autonomous_Triage,40178.462,0.777736,8,8,9,9,9,9,9,6,9,2
7,Brain_No_Emotion,Andean_Disaster_Response:_Autonomous_Triage,53085.957,0,10,8,9,10,10,8,6,6,10,2
7,Baseline,Andean_Disaster_Response:_Autonomous_Triage,31374.1249,0.5,2,2,1,4,2,1,1,1,2,0
8,BrainCEMISID,Andean_Disaster_Response:_Autonomous_Triage,49059.965,0.7580284,10,9,10,8,10,9,8,2,10,2
8,Brain_No_Memory,Andean_Disaster_Response:_Autonomous_Triage,32939.9548,0.7580284,7,4,6,7,6,9,8,3,6,2
8,Brain_No_Emotion,Andean_Disaster_Response:_Autonomous_Triage,46836.4054,0,9,7,8,5,9,8,7,3,9,2
8,Baseline,Andean_Disaster_Response:_Autonomous_Triage,19814.9226,0.5,8,7,5,9,6,3,5,2,7,0
9,BrainCEMISID,Andean_Disaster_Response:_Autonomous_Triage,49053.4265,0.729325024,7,3,4,10,5,6,5,1,4,2
9,Brain_No_Memory,Andean_Disaster_Response:_Autonomous_Triage,37812.9501,0.729325024,9,8,10,9,9,9,8,1,9,2
9,Brain_No_Emotion,Andean_Disaster_Response:_Autonomous_Triage,53321.4893,0,7,3,2,10,2,7,5,1,5,2
9,Baseline,Andean_Disaster_Response:_Autonomous_Triage,58149.6225,0.5,2,2,1,4,1,1,1,1,1,0
10,BrainCEMISID,Andean_Disaster_Response:_Autonomous_Triage,50110.9579,0.755811715,10,10,5,10,10,8,8,3,10,2
10,Brain_No_Memory,Andean_Disaster_Response:_Autonomous_Triage,34517.3958,0.755811715,8,9,6,9,9,9,9,3,9,2
10,Brain_No_Emotion,Andean_Disaster_Response:_Autonomous_Triage,48778.5543,0,9,10,5,10,10,8,7,2,10,2
10,Baseline,Andean_Disaster_Response:_Autonomous_Triage,600018.578,0.5,2,1,1,1,1,1,1,1,1,0
11,BrainCEMISID,Andean_Disaster_Response:_Autonomous_Triage,53304.6425,0.8029058575,6,8,1,4,1,8,8,4,2,2
11,Brain_No_Memory,Andean_Disaster_Response:_Autonomous_Triage,35341.8289,0.8029058575,6,8,1,5,0,9,8,2,1,2
11,Brain_No_Emotion,Andean_Disaster_Response:_Autonomous_Triage,40199.9795,0,6,8,1,7,1,8,7,2,1,2
11,Baseline,Andean_Disaster_Response:_Autonomous_Triage,33607.2397,0.5,9,8,10,10,10,3,4,3,10,0
12,BrainCEMISID,Andean_Disaster_Response:_Autonomous_Triage,57652.3919,0.7708240805,8,6,5,7,8,8,7,1,9,2
12,Brain_No_Memory,Andean_Disaster_Response:_Autonomous_Triage,30453.8389,0.7708240805,8,5,4,9,9,8,8,1,9,2
12,Brain_No_Emotion,Andean_Disaster_Response:_Autonomous_Triage,45749.4702,0,8,7,6,2,9,6,6,1,9,2
12,Baseline,Andean_Disaster_Response:_Autonomous_Triage,41569.7003,0.5,4,3,2,5,2,1,1,1,4,0
13,BrainCEMISID,Andean_Disaster_Response:_Autonomous_Triage,45249.97,0.6966592644,8,7,5,9,8,8,7,1,8,2
13,Brain_No_Memory,Andean_Disaster_Response:_Autonomous_Triage,30847.4131,0.6966592644,7,5,3,5,7,6,5,1,4,2
13,Brain_No_Emotion,Andean_Disaster_Response:_Autonomous_Triage,44451.1594,0,9,8,9,7,10,8,7,1,10,2
13,Baseline,Andean_Disaster_Response:_Autonomous_Triage,21430.3485,0.5,3,2,1,4,1,1,1,1,1,0
1,BrainCEMISID,Operation_Sylvan_Shield:_The_Silent_Forest,61971.2216,0.2,9,10,5,10,10,8,8,1,9,2
1,Brain_No_Memory,Operation_Sylvan_Shield:_The_Silent_Forest,39103.3137,0.2,7,8,4,9,9,4,5,1,7,2
1,Brain_No_Emotion,Operation_Sylvan_Shield:_The_Silent_Forest,44487.5299,0,9,10,8,10,10,8,7,1,9,2
1,Baseline,Operation_Sylvan_Shield:_The_Silent_Forest,32937.2764,0.5,8,9,4,10,10,5,5,1,10,0
2,BrainCEMISID,Operation_Sylvan_Shield:_The_Silent_Forest,55565.5757,0.3,9,6,9,8,9,10,9,7,9,2
2,Brain_No_Memory,Operation_Sylvan_Shield:_The_Silent_Forest,23584.5253,0.3,8,7,9,6,8,9,10,6,8,2
2,Brain_No_Emotion,Operation_Sylvan_Shield:_The_Silent_Forest,46703.4843,0,9,4,10,8,9,8,9,5,8,2
2,Baseline,Operation_Sylvan_Shield:_The_Silent_Forest,45216.1385,0.5,3,4,1,7,2,1,1,4,5,0
3,BrainCEMISID,Operation_Sylvan_Shield:_The_Silent_Forest,63495.609,0.45,8,5,2,7,3,7,2,3,6,2
3,Brain_No_Memory,Operation_Sylvan_Shield:_The_Silent_Forest,31043.1213,0.45,8,5,4,7,6,8,4,4,6,2
3,Brain_No_Emotion,Operation_Sylvan_Shield:_The_Silent_Forest,58227.5188,0,7,5,2,4,3,4,1,3,6,2
3,Baseline,Operation_Sylvan_Shield:_The_Silent_Forest,53727.8773,0.5,7,4,2,3,3,2,3,2,5,0
4,BrainCEMISID,Operation_Sylvan_Shield:_The_Silent_Forest,44626.9854,0.615,9,7,10,5,8,9,9,7,10,2
4,Brain_No_Memory,Operation_Sylvan_Shield:_The_Silent_Forest,35906.7388,0.615,7,3,4,8,9,3,4,6,6,2
4,Brain_No_Emotion,Operation_Sylvan_Shield:_The_Silent_Forest,49356.3258,0,4,2,4,8,4,8,6,8,2,2
4,Baseline,Operation_Sylvan_Shield:_The_Silent_Forest,52120.1156,0.5,9,7,7,9,10,5,8,8,9,0
5,BrainCEMISID,Operation_Sylvan_Shield:_The_Silent_Forest,55850.0103,0.572,6,3,2,4,7,6,3,3,5,2
5,Brain_No_Memory,Operation_Sylvan_Shield:_The_Silent_Forest,36374.9935,0.572,8,7,3,5,4,9,8,6,7,2
5,Brain_No_Emotion,Operation_Sylvan_Shield:_The_Silent_Forest,51089.6248,0,8,3,3,8,7,8,8,6,8,2
5,Baseline,Operation_Sylvan_Shield:_The_Silent_Forest,50831.1921,0.5,9,8,3,9,8,4,6,7,9,0
6,BrainCEMISID,Operation_Sylvan_Shield:_The_Silent_Forest,57959.6796,0.5954,6,3,4,8,9,4,3,1,7,2
6,Brain_No_Memory,Operation_Sylvan_Shield:_The_Silent_Forest,29075.4863,0.5954,8,7,8,4,8,9,8,4,8,2
6,Brain_No_Emotion,Operation_Sylvan_Shield:_The_Silent_Forest,46776.2431,0,9,8,9,10,10,8,7,2,9,2
6,Baseline,Operation_Sylvan_Shield:_The_Silent_Forest,53630.4254,0.5,9,8,6,8,10,5,8,2,9,0
7,BrainCEMISID,Operation_Sylvan_Shield:_The_Silent_Forest,41748.1381,0.7227,9,8,10,9,4,10,10,4,10,2
7,Brain_No_Memory,Operation_Sylvan_Shield:_The_Silent_Forest,37565.2985,0.69497,7,8,10,8,3,8,8,3,8,2
7,Brain_No_Emotion,Operation_Sylvan_Shield:_The_Silent_Forest,56280.6673,0,6,5,8,4,7,7,4,3,7,2
7,Baseline,Operation_Sylvan_Shield:_The_Silent_Forest,27928.5545,0.5,4,3,1,5,3,1,2,1,2,0
8,BrainCEMISID,Operation_Sylvan_Shield:_The_Silent_Forest,76783.4847,0.722255,8,3,2,10,2,6,3,6,5,2
8,Brain_No_Memory,Operation_Sylvan_Shield:_The_Silent_Forest,31995.1517,0.7042305,7,4,2,9,2,4,4,6,4,2
8,Brain_No_Emotion,Operation_Sylvan_Shield:_The_Silent_Forest,37058.0166,0,9,6,7,10,8,8,7,6,8,2
8,Baseline,Operation_Sylvan_Shield:_The_Silent_Forest,27662.7341,0.5,2,1,1,4,1,1,1,1,1,0
9,BrainCEMISID,Operation_Sylvan_Shield:_The_Silent_Forest,55195.0823,0.59364225,6,4,6,4,5,6,4,3,4,2
9,Brain_No_Memory,Operation_Sylvan_Shield:_The_Silent_Forest,30355.1235,0.59445145,7,5,8,7,5,9,7,3,7,2
9,Brain_No_Emotion,Operation_Sylvan_Shield:_The_Silent_Forest,42169.4534,0,8,7,9,9,9,7,6,3,8,2
9,Baseline,Operation_Sylvan_Shield:_The_Silent_Forest,31249.9519,0.5,2,2,1,2,1,1,1,1,1,0
10,BrainCEMISID,Operation_Sylvan_Shield:_The_Silent_Forest,44062.8691,0.685998565,8,5,6,9,10,9,7,4,8,2
10,Brain_No_Memory,Operation_Sylvan_Shield:_The_Silent_Forest,39961.8699,0.6944482975,8,6,8,9,9,10,9,4,8,2
10,Brain_No_Emotion,Operation_Sylvan_Shield:_The_Silent_Forest,46564.4421,0,8,5,6,9,10,7,6,4,8,2
10,Baseline,Operation_Sylvan_Shield:_The_Silent_Forest,37332.2971,0.5,3,3,3,1,3,3,1,1,3,0
11,BrainCEMISID,Operation_Sylvan_Shield:_The_Silent_Forest,55887.3474,0.7447992108,4,1,2,7,2,4,3,2,1,2
11,Brain_No_Memory,Operation_Sylvan_Shield:_The_Silent_Forest,30733.2025,0.7494465636,2,1,1,7,0,4,4,2,1,2
11,Brain_No_Emotion,Operation_Sylvan_Shield:_The_Silent_Forest,44518.4284,0,5,2,3,4,5,2,1,2,4,2
11,Baseline,Operation_Sylvan_Shield:_The_Silent_Forest,26531.9166,0.5,2,2,1,4,1,1,2,2,1,0
12,BrainCEMISID,Operation_Sylvan_Shield:_The_Silent_Forest,52304.2902,0.675740089,8,8,6,8,9,6,7,3,9,2
12,Brain_No_Memory,Operation_Sylvan_Shield:_The_Silent_Forest,35566.04,0.662970682,6,3,2,5,3,3,2,1,4,2
12,Brain_No_Emotion,Operation_Sylvan_Shield:_The_Silent_Forest,52589.3654,0,4,6,2,7,8,2,0,1,4,2
12,Baseline,Operation_Sylvan_Shield:_The_Silent_Forest,48908.5154,0.5,9,10,7,10,10,9,7,5,10,0
13,BrainCEMISID,Operation_Sylvan_Shield:_The_Silent_Forest,55168.1935,0.6680180623,9,9,10,7,10,10,9,4,10,2
13,Brain_No_Memory,Operation_Sylvan_Shield:_The_Silent_Forest,24988.2803,0.6590794774,2,3,3,0,2,3,1,1,2,2
13,Brain_No_Emotion,Operation_Sylvan_Shield:_The_Silent_Forest,40705.8727,0,3,3,3,1,3,2,1,1,3,2
13,Baseline,Operation_Sylvan_Shield:_The_Silent_Forest,84120.822,0.5,2,2,1,3,2,1,2,1,3,0
1,BrainCEMISID,The_High-Pressure_Monday_Morning,47010.2522,0.35,10,10,10,10,10,10,9,2,10,2
1,Brain_No_Memory,The_High-Pressure_Monday_Morning,33286.7233,0.35,8,7,5,8,7,10,9,1,9,2
1,Brain_No_Emotion,The_High-Pressure_Monday_Morning,45036.0511,0,10,10,10,10,10,9,8,1,10,2
1,Baseline,The_High-Pressure_Monday_Morning,31810.6491,0.5,10,8,8,10,10,2,3,1,10,0
2,BrainCEMISID,The_High-Pressure_Monday_Morning,55946.0169,0.52,10,10,9,10,10,9,9,1,10,2
2,Brain_No_Memory,The_High-Pressure_Monday_Morning,35254.4137,0.52,8,8,4,9,9,7,4,1,8,2
2,Brain_No_Emotion,The_High-Pressure_Monday_Morning,38663.8855,0,10,10,2,9,10,7,1,1,10,2
2,Baseline,The_High-Pressure_Monday_Morning,92790.4476,0.5,9,8,2,10,2,2,1,1,7,0
3,BrainCEMISID,The_High-Pressure_Monday_Morning,50675.6424,0.622,9,8,8,9,10,10,9,7,9,2
3,Brain_No_Memory,The_High-Pressure_Monday_Morning,26769.3322,0.622,8,7,9,7,9,10,10,6,8,2
3,Brain_No_Emotion,The_High-Pressure_Monday_Morning,34237.806,0,9,5,5,5,9,8,5,4,8,2
3,Baseline,The_High-Pressure_Monday_Morning,600017.2391,0.5,1,1,1,1,1,1,1,1,1,0
4,BrainCEMISID,The_High-Pressure_Monday_Morning,49643.6049,0.5512,9,7,6,5,8,9,8,2,9,2
4,Brain_No_Memory,The_High-Pressure_Monday_Morning,27524.3113,0.5512,2,4,5,3,2,8,7,1,5,2
4,Brain_No_Emotion,The_High-Pressure_Monday_Morning,23330.5781,0,9,7,6,5,8,8,6,2,9,2
4,Baseline,The_High-Pressure_Monday_Morning,20569.3414,0.5,6,5,2,4,2,1,2,1,4,0
5,BrainCEMISID,The_High-Pressure_Monday_Morning,35641.4106,0.52096,9,8,9,10,10,10,9,8,10,2
5,Brain_No_Memory,The_High-Pressure_Monday_Morning,18335.6745,0.52096,8,8,10,9,9,10,9,2,9,2
5,Brain_No_Emotion,The_High-Pressure_Monday_Morning,28001.4786,0,7,3,3,10,5,8,6,2,4,2
5,Baseline,The_High-Pressure_Monday_Morning,600017.3468,0.5,1,1,1,1,1,1,1,1,1,0
6,BrainCEMISID,The_High-Pressure_Monday_Morning,35577.3108,0.465316,8,7,3,5,3,8,8,1,8,2
6,Brain_No_Memory,The_High-Pressure_Monday_Morning,27642.8743,0.465316,7,6,4,4,3,9,8,1,7,2
6,Brain_No_Emotion,The_High-Pressure_Monday_Morning,29539.2645,0,7,3,3,3,3,8,6,4,7,2
6,Baseline,The_High-Pressure_Monday_Morning,31787.8562,0.5,6,4,2,7,2,2,5,5,6,0
7,BrainCEMISID,The_High-Pressure_Monday_Morning,36748.073,0.6234238,8,7,7,9,8,9,7,3,8,2
7,Brain_No_Memory,The_High-Pressure_Monday_Morning,26400.4229,0.6234238,7,7,7,8,7,9,8,2,7,2
7,Brain_No_Emotion,The_High-Pressure_Monday_Morning,33257.2883,0,5,2,3,4,2,6,3,1,3,2
7,Baseline,The_High-Pressure_Monday_Morning,37121.4062,0.5,7,5,3,8,4,1,3,1,5,0
8,BrainCEMISID,The_High-Pressure_Monday_Morning,39951.6774,0.60506785,8,5,7,4,6,9,9,4,8,2
8,Brain_No_Memory,The_High-Pressure_Monday_Morning,25364.4793,0.60506785,6,3,2,1,1,8,8,4,6,2
8,Brain_No_Emotion,The_High-Pressure_Monday_Morning,28341.3726,0,9,9,9,7,8,9,8,5,9,2
8,Baseline,The_High-Pressure_Monday_Morning,36651.66,0.5,4,3,2,5,4,2,5,3,4,0
9,BrainCEMISID,The_High-Pressure_Monday_Morning,40613.1295,0.63856576,9,7,3,10,3,10,9,4,6,2
9,Brain_No_Memory,The_High-Pressure_Monday_Morning,29777.6034,0.63856576,8,6,3,8,3,9,7,3,3,2
9,Brain_No_Emotion,The_High-Pressure_Monday_Morning,31431.4959,0,9,5,6,10,9,8,6,4,9,2
9,Baseline,The_High-Pressure_Monday_Morning,600013.9064,0.5,1,1,1,1,1,1,1,1,1,0
10,BrainCEMISID,The_High-Pressure_Monday_Morning,40934.6676,0.6545558718,9,10,10,9,10,10,9,4,10,2
10,Brain_No_Memory,The_High-Pressure_Monday_Morning,20753.4788,0.6545558718,5,2,1,1,1,8,8,3,3,2
10,Brain_No_Emotion,The_High-Pressure_Monday_Morning,26774.2668,0,9,9,10,9,10,9,8,4,10,2
10,Baseline,The_High-Pressure_Monday_Morning,20728.933,0.5,5,6,6,8,9,2,4,1,8,0
11,BrainCEMISID,The_High-Pressure_Monday_Morning,40631.2477,0.6779613166,8,7,3,2,5,7,6,1,7,2
11,Brain_No_Memory,The_High-Pressure_Monday_Morning,26214.6612,0.6779613166,8,8,4,1,9,9,7,3,7,2
11,Brain_No_Emotion,The_High-Pressure_Monday_Morning,29190.2448,0,9,8,4,1,8,5,3,3,5,2
11,Baseline,The_High-Pressure_Monday_Morning,52323.1041,0.5,4,3,1,1,2,1,1,1,2,0
12,BrainCEMISID,The_High-Pressure_Monday_Morning,34808.0799,0.71677679,3,4,2,7,2,6,4,1,2,2
12,Brain_No_Memory,The_High-Pressure_Monday_Morning,25266.0344,0.71677679,7,7,6,9,8,4,3,1,6,2
12,Brain_No_Emotion,The_High-Pressure_Monday_Morning,30710.2031,0,3,4,3,7,2,4,3,2,3,2
12,Baseline,The_High-Pressure_Monday_Morning,32278.4784,0.5,2,2,1,1,1,1,2,1,2,0
13,BrainCEMISID,The_High-Pressure_Monday_Morning,43695.7502,0.56677679,3,2,2,4,2,8,7,1,5,2
13,Brain_No_Memory,The_High-Pressure_Monday_Morning,28030.8458,0.56677679,4,2,5,2,3,9,9,2,7,2
13,Brain_No_Emotion,The_High-Pressure_Monday_Morning,19911.8617,0,5,3,4,4,3,8,7,2,8,2
13,Baseline,The_High-Pressure_Monday_Morning,31421.6086,0.5,2,1,1,3,1,1,1,1,1,0
1,BrainCEMISID,Municipal_Data_Center_Zero-Day_Response,40013.6633,0.4,8,8,4,6,7,9,8,1,9,2
1,Brain_No_Memory,Municipal_Data_Center_Zero-Day_Response,24904.0604,0.4,9,10,10,9,9,10,9,1,9,2
1,Brain_No_Emotion,Municipal_Data_Center_Zero-Day_Response,37452.9618,0,10,8,3,6,10,8,8,1,10,2
1,Baseline,Municipal_Data_Center_Zero-Day_Response,15126.1578,0.5,10,6,3,10,10,2,2,1,10,0
2,BrainCEMISID,Municipal_Data_Center_Zero-Day_Response,43181.1576,0.5875,9,7,6,3,7,9,8,5,9,2
2,Brain_No_Memory,Municipal_Data_Center_Zero-Day_Response,29696.9355,0.5875,5,3,2,4,1,8,5,3,2,2
2,Brain_No_Emotion,Municipal_Data_Center_Zero-Day_Response,39844.114,0,9,5,4,7,5,8,7,7,8,2
2,Baseline,Municipal_Data_Center_Zero-Day_Response,8010.9289,0.5,6,4,2,2,2,1,3,1,5,0
3,BrainCEMISID,Municipal_Data_Center_Zero-Day_Response,44639.1514,0.690625,9,9,8,7,10,9,9,2,10,2
3,Brain_No_Memory,Municipal_Data_Center_Zero-Day_Response,34805.8888,0.690625,7,7,8,4,9,9,9,1,8,2
3,Brain_No_Emotion,Municipal_Data_Center_Zero-Day_Response,38753.1508,0,10,10,10,8,10,9,9,1,10,2
3,Baseline,Municipal_Data_Center_Zero-Day_Response,6111.4314,0.5,8,6,3,6,10,1,2,1,7,0
4,BrainCEMISID,Municipal_Data_Center_Zero-Day_Response,45561.7885,0.74734375,9,5,3,6,3,9,8,4,6,2
4,Brain_No_Memory,Municipal_Data_Center_Zero-Day_Response,23462.0475,0.74734375,5,4,2,0,2,4,3,1,4,2
4,Brain_No_Emotion,Municipal_Data_Center_Zero-Day_Response,37182.9046,0,8,6,5,4,5,7,7,6,7,2
4,Baseline,Municipal_Data_Center_Zero-Day_Response,26259.7477,0.5,4,3,1,2,2,1,2,1,3,0
5,BrainCEMISID,Municipal_Data_Center_Zero-Day_Response,46392.6221,0.75840625,6,2,1,4,1,7,3,3,2,2
5,Brain_No_Memory,Municipal_Data_Center_Zero-Day_Response,29841.2216,0.75840625,4,2,1,5,0,7,2,3,1,2
5,Brain_No_Emotion,Municipal_Data_Center_Zero-Day_Response,37099.0055,0,6,1,1,5,2,7,5,4,1,2
5,Baseline,Municipal_Data_Center_Zero-Day_Response,8518.8057,0.5,4,3,1,3,2,1,1,1,2,0
6,BrainCEMISID,Municipal_Data_Center_Zero-Day_Response,44972.5484,0.76504375,8,6,1,7,2,5,5,3,6,2
6,Brain_No_Memory,Municipal_Data_Center_Zero-Day_Response,30998.4605,0.76504375,8,6,2,7,1,9,8,5,8,2
6,Brain_No_Emotion,Municipal_Data_Center_Zero-Day_Response,40980.4365,0,8,4,2,6,2,7,6,3,8,2
6,Baseline,Municipal_Data_Center_Zero-Day_Response,29128.8913,0.5,6,4,2,8,3,3,5,4,5,0
7,BrainCEMISID,Municipal_Data_Center_Zero-Day_Response,44813.9464,0.807521875,10,9,10,8,10,9,8,1,10,2
7,Brain_No_Memory,Municipal_Data_Center_Zero-Day_Response,30860.9613,0.807521875,7,7,8,8,9,9,8,1,9,2
7,Brain_No_Emotion,Municipal_Data_Center_Zero-Day_Response,39370.3059,0,4,3,5,5,5,7,6,1,6,2
7,Baseline,Municipal_Data_Center_Zero-Day_Response,7903.8796,0.5,7,4,2,4,5,1,1,1,8,0
8,BrainCEMISID,Municipal_Data_Center_Zero-Day_Response,54346.1878,0.8287609375,9,7,9,10,10,9,8,9,9,2
8,Brain_No_Memory,Municipal_Data_Center_Zero-Day_Response,27886.4171,0.8287609375,9,9,10,9,9,9,9,4,9,2
8,Brain_No_Emotion,Municipal_Data_Center_Zero-Day_Response,41558.4361,0,8,3,4,9,4,8,8,9,6,2
8,Baseline,Municipal_Data_Center_Zero-Day_Response,6471.3678,0.5,8,7,6,9,10,2,3,1,9,0
9,BrainCEMISID,Municipal_Data_Center_Zero-Day_Response,46615.8448,0.8233185156,5,3,2,4,2,8,3,3,4,2
9,Brain_No_Memory,Municipal_Data_Center_Zero-Day_Response,23888.8665,0.8233185156,6,3,4,3,3,8,5,5,4,2
9,Brain_No_Emotion,Municipal_Data_Center_Zero-Day_Response,36884.3655,0,6,2,3,5,2,6,4,1,6,2
9,Baseline,Municipal_Data_Center_Zero-Day_Response,14399.0768,0.5,5,4,3,7,4,2,3,2,5,0
10,BrainCEMISID,Municipal_Data_Center_Zero-Day_Response,47299.4889,0.8203251836,10,10,9,10,10,9,9,3,10,2
10,Brain_No_Memory,Municipal_Data_Center_Zero-Day_Response,23750.8645,0.8203251836,8,10,10,9,9,9,9,3,9,2
10,Brain_No_Emotion,Municipal_Data_Center_Zero-Day_Response,39350.5447,0,10,10,10,10,10,8,8,2,10,2
10,Baseline,Municipal_Data_Center_Zero-Day_Response,7060.678,0.5,9,10,6,10,10,4,3,2,10,0
11,BrainCEMISID,Municipal_Data_Center_Zero-Day_Response,42927.9789,0.818678851,9,8,9,10,10,10,9,4,9,2
11,Brain_No_Memory,Municipal_Data_Center_Zero-Day_Response,24198.609,0.818678851,9,7,9,9,9,10,9,5,9,2
11,Brain_No_Emotion,Municipal_Data_Center_Zero-Day_Response,37813.8424,0,10,10,10,7,10,9,8,3,10,2
11,Baseline,Municipal_Data_Center_Zero-Day_Response,10666.7509,0.5,3,3,2,5,5,1,1,1,7,0
12,BrainCEMISID,Municipal_Data_Center_Zero-Day_Response,43410.4915,0.7349430808,8,5,7,1,7,9,8,4,8,2
12,Brain_No_Memory,Municipal_Data_Center_Zero-Day_Response,46150.7947,0.7349430808,7,5,6,0,7,9,7,5,8,2
12,Brain_No_Emotion,Municipal_Data_Center_Zero-Day_Response,37475.2533,0,7,6,5,3,8,8,4,2,8,2
12,Baseline,Municipal_Data_Center_Zero-Day_Response,12505.2569,0.5,3,1,1,4,1,1,4,3,1,0
13,BrainCEMISID,Municipal_Data_Center_Zero-Day_Response,45154.6217,0.6472016187,9,8,4,6,8,9,8,5,7,2
13,Brain_No_Memory,Municipal_Data_Center_Zero-Day_Response,23105.6293,0.6472016187,6,4,2,2,2,5,4,3,4,2
13,Brain_No_Emotion,Municipal_Data_Center_Zero-Day_Response,37822.6716,0,7,4,3,4,6,3,2,1,5,2
13,Baseline,Municipal_Data_Center_Zero-Day_Response,8205.2211,0.5,2,1,1,2,1,1,1,1,1,0
1,BrainCEMISID,The_Thanksgiving_Reconciliation,46611.5616,0.35,10,10,9,10,10,8,7,1,10,2
1,Brain_No_Memory,The_Thanksgiving_Reconciliation,26679.7768,0.35,9,10,9,9,9,8,5,1,9,2
1,Brain_No_Emotion,The_Thanksgiving_Reconciliation,36479.2075,0,9,10,9,10,10,8,7,1,10,2
1,Baseline,The_Thanksgiving_Reconciliation,6666.5664,0.5,10,10,10,10,10,4,2,1,10,0
2,BrainCEMISID,The_Thanksgiving_Reconciliation,46608.8426,0.48,9,7,6,6,8,7,8,9,9,2
2,Brain_No_Memory,The_Thanksgiving_Reconciliation,31489.2119,0.48,8,5,6,7,7,10,7,5,8,2
2,Brain_No_Emotion,The_Thanksgiving_Reconciliation,39819.906,0,8,6,7,7,8,8,7,4,8,2
2,Baseline,The_Thanksgiving_Reconciliation,5912.2096,0.5,4,5,3,2,2,1,6,3,5,0
3,BrainCEMISID,The_Thanksgiving_Reconciliation,46315.3144,0.505,9,6,4,8,5,10,8,4,6,2
3,Brain_No_Memory,The_Thanksgiving_Reconciliation,35447.8797,0.505,9,10,10,6,9,10,9,6,9,2
3,Brain_No_Emotion,The_Thanksgiving_Reconciliation,43948.4044,0,9,10,9,6,10,6,7,2,10,2
3,Baseline,The_Thanksgiving_Reconciliation,6749.3907,0.5,6,5,4,3,6,1,3,2,5,0
4,BrainCEMISID,The_Thanksgiving_Reconciliation,50331.2072,0.51625,8,5,4,3,5,9,8,3,4,2
4,Brain_No_Memory,The_Thanksgiving_Reconciliation,24115.9201,0.51625,9,9,9,5,9,10,9,4,9,2
4,Brain_No_Emotion,The_Thanksgiving_Reconciliation,36935.2713,0,9,7,8,3,8,8,7,3,9,2
4,Baseline,The_Thanksgiving_Reconciliation,9397.5549,0.5,2,3,1,1,1,1,1,1,2,0
5,BrainCEMISID,The_Thanksgiving_Reconciliation,48311.8592,0.542445,8,9,10,5,10,10,9,4,10,2
5,Brain_No_Memory,The_Thanksgiving_Reconciliation,29047.9225,0.542445,7,7,10,1,9,9,8,3,8,2
5,Brain_No_Emotion,The_Thanksgiving_Reconciliation,40382.4413,0,8,9,7,2,7,4,5,1,9,2
5,Baseline,The_Thanksgiving_Reconciliation,10076.5739,0.5,4,4,3,1,10,1,3,1,2,0
6,BrainCEMISID,The_Thanksgiving_Reconciliation,54512.7939,0.6058,9,3,9,8,9,10,9,6,9,2
6,Brain_No_Memory,The_Thanksgiving_Reconciliation,44631.2471,0.6058,7,3,2,5,1,8,7,4,6,2
6,Brain_No_Emotion,The_Thanksgiving_Reconciliation,48709.491,0,8,4,2,5,6,8,7,5,8,2
6,Baseline,The_Thanksgiving_Reconciliation,12479.4933,0.5,8,6,2,9,2,3,4,5,6,0
7,BrainCEMISID,The_Thanksgiving_Reconciliation,57657.3305,0.67348,5,7,5,10,10,3,7,2,7,2
7,Brain_No_Memory,The_Thanksgiving_Reconciliation,46084.1908,0.67348,3,1,1,0,0,8,5,1,1,2
7,Brain_No_Emotion,The_Thanksgiving_Reconciliation,55231.7802,0,7,4,3,3,4,1,4,3,5,2
7,Baseline,The_Thanksgiving_Reconciliation,7226.3021,0.5,6,4,2,3,2,1,3,2,3,0
8,BrainCEMISID,The_Thanksgiving_Reconciliation,60688.4543,0.714088,8,7,5,8,10,3,4,2,9,2
8,Brain_No_Memory,The_Thanksgiving_Reconciliation,26439.4929,0.714088,7,9,10,5,9,5,7,2,9,2
8,Brain_No_Emotion,The_Thanksgiving_Reconciliation,43297.9201,0,9,8,9,7,10,5,6,5,10,2
8,Baseline,The_Thanksgiving_Reconciliation,5928.2478,0.5,7,6,3,6,10,2,3,1,7,0
9,BrainCEMISID,The_Thanksgiving_Reconciliation,44575.7171,0.6294748,9,6,10,5,10,9,9,1,10,2
9,Brain_No_Memory,The_Thanksgiving_Reconciliation,25251.2461,0.6294748,8,2,10,4,2,10,9,3,9,2
9,Brain_No_Emotion,The_Thanksgiving_Reconciliation,39263.9204,0,9,10,10,6,10,9,9,4,10,2
9,Baseline,The_Thanksgiving_Reconciliation,8062.5559,0.5,4,3,2,4,4,1,2,2,3,0
10,BrainCEMISID,The_Thanksgiving_Reconciliation,56463.7268,0.6096061,9,4,2,1,2,8,8,6,9,2
10,Brain_No_Memory,The_Thanksgiving_Reconciliation,36019.3448,0.6096061,6,2,1,4,1,9,6,4,4,2
10,Brain_No_Emotion,The_Thanksgiving_Reconciliation,47962.3255,0,5,4,2,1,2,1,3,3,6,2
10,Baseline,The_Thanksgiving_Reconciliation,9498.9584,0.5,2,1,1,7,1,1,4,8,2,0
11,BrainCEMISID,The_Thanksgiving_Reconciliation,63591.5446,0.6714887565,2,3,3,6,5,1,2,4,2,2
11,Brain_No_Memory,The_Thanksgiving_Reconciliation,37458.415,0.6714887565,9,10,10,9,9,10,10,2,9,2
11,Brain_No_Emotion,The_Thanksgiving_Reconciliation,44254.8565,0,9,7,5,8,9,5,5,4,9,2
11,Baseline,The_Thanksgiving_Reconciliation,18066.8905,0.5,7,4,5,4,6,1,3,2,5,0
12,BrainCEMISID,The_Thanksgiving_Reconciliation,51971.0303,0.6650421295,8,5,4,1,4,2,4,3,4,2
12,Brain_No_Memory,The_Thanksgiving_Reconciliation,32773.3001,0.6650421295,7,7,8,0,8,9,9,5,8,2
12,Brain_No_Emotion,The_Thanksgiving_Reconciliation,39237.0592,0,8,5,3,1,4,1,3,6,3,2
12,Baseline,The_Thanksgiving_Reconciliation,12059.5971,0.5,2,1,1,4,1,1,2,4,1,0
13,BrainCEMISID,The_Thanksgiving_Reconciliation,53149.0308,0.6605294907,3,3,3,1,3,3,1,1,3,2
13,Brain_No_Memory,The_Thanksgiving_Reconciliation,28448.9633,0.6605294907,5,3,4,2,3,8,5,1,5,2
13,Brain_No_Emotion,The_Thanksgiving_Reconciliation,45346.9357,0,8,4,3,6,3,6,4,1,4,2
13,Baseline,The_Thanksgiving_Reconciliation,8096.6723,0.5,2,2,2,5,2,8,4,4,4,0
1,BrainCEMISID,Operation:_Stratosphere_Zero,40645.7679,0.35,10,10,7,10,10,9,8,1,10,2
1,Brain_No_Memory,Operation:_Stratosphere_Zero,24683.5633,0.35,8,7,3,9,9,5,4,1,8,2
1,Brain_No_Emotion,Operation:_Stratosphere_Zero,33323.2031,0,10,10,7,10,10,8,6,1,9,2
1,Baseline,Operation:_Stratosphere_Zero,5979.0143,0.5,9,10,7,10,10,8,6,1,9,0
2,BrainCEMISID,Operation:_Stratosphere_Zero,42281.1089,0.55,8,7,6,8,9,8,7,1,9,2
2,Brain_No_Memory,Operation:_Stratosphere_Zero,23179.5013,0.55,7,2,2,9,1,8,2,3,4,2
2,Brain_No_Emotion,Operation:_Stratosphere_Zero,36184.3095,0,7,3,3,6,4,6,4,2,3,2
2,Baseline,Operation:_Stratosphere_Zero,8942.6905,0.5,4,3,2,2,3,1,1,1,5,0
3,BrainCEMISID,Operation:_Stratosphere_Zero,42037.4093,0.622,8,7,7,9,8,9,9,5,9,2
3,Brain_No_Memory,Operation:_Stratosphere_Zero,22291.8623,0.622,7,2,3,4,6,8,7,4,7,2
3,Brain_No_Emotion,Operation:_Stratosphere_Zero,34812.0982,0,7,5,2,1,3,5,3,3,6,2
3,Baseline,Operation:_Stratosphere_Zero,8904.4076,0.5,7,6,1,3,2,2,2,3,5,0
4,BrainCEMISID,Operation:_Stratosphere_Zero,41531.7462,0.7096,8,4,6,10,10,8,3,1,9,2
4,Brain_No_Memory,Operation:_Stratosphere_Zero,22863.1779,0.7096,5,3,5,7,5,8,8,1,3,2
4,Brain_No_Emotion,Operation:_Stratosphere_Zero,40546.7857,0,9,8,7,10,10,8,7,3,10,2
4,Baseline,Operation:_Stratosphere_Zero,8980.8072,0.5,7,5,2,8,9,1,2,1,6,0
5,BrainCEMISID,Operation:_Stratosphere_Zero,41007.5146,0.75778,9,5,3,8,3,8,7,2,6,2
5,Brain_No_Memory,Operation:_Stratosphere_Zero,24121.6774,0.75778,5,3,2,4,2,6,7,2,2,2
5,Brain_No_Emotion,Operation:_Stratosphere_Zero,35732.7237,0,9,7,6,10,8,8,7,1,9,2
5,Baseline,Operation:_Stratosphere_Zero,9099.5586,0.5,3,2,1,3,2,1,1,1,2,0
6,BrainCEMISID,Operation:_Stratosphere_Zero,42780.9288,0.705835,9,8,4,10,10,9,6,5,7,2
6,Brain_No_Memory,Operation:_Stratosphere_Zero,22871.8363,0.705835,7,5,2,4,6,8,5,4,7,2
6,Brain_No_Emotion,Operation:_Stratosphere_Zero,38385.1697,0,9,5,2,10,7,6,2,8,6,2
6,Baseline,Operation:_Stratosphere_Zero,9053.0292,0.5,3,2,2,8,3,2,3,5,3,0
7,BrainCEMISID,Operation:_Stratosphere_Zero,45671.2425,0.733501,8,8,6,3,9,10,9,3,8,2
7,Brain_No_Memory,Operation:_Stratosphere_Zero,23404.7731,0.733501,7,9,7,8,9,9,8,1,8,2
7,Brain_No_Emotion,Operation:_Stratosphere_Zero,38942.5211,0,10,10,9,6,10,9,7,4,10,2
7,Baseline,Operation:_Stratosphere_Zero,8973.5214,0.5,7,4,4,9,8,9,7,6,7,0
8,BrainCEMISID,Operation:_Stratosphere_Zero,41747.3785,0.7917505,9,8,8,5,10,9,8,2,10,2
8,Brain_No_Memory,Operation:_Stratosphere_Zero,23447.3774,0.7917505,7,9,9,7,9,9,9,1,9,2
8,Brain_No_Emotion,Operation:_Stratosphere_Zero,35947.829,0,10,10,9,9,10,9,8,4,10,2
8,Baseline,Operation:_Stratosphere_Zero,8978.8654,0.5,9,6,4,8,10,2,3,1,10,0
9,BrainCEMISID,Operation:_Stratosphere_Zero,40555.433,0.82087525,6,3,2,4,6,8,7,3,6,2
9,Brain_No_Memory,Operation:_Stratosphere_Zero,24699.9771,0.82087525,7,5,6,6,8,9,8,2,7,2
9,Brain_No_Emotion,Operation:_Stratosphere_Zero,36351.5149,0,7,3,2,6,7,7,4,4,4,2
9,Baseline,Operation:_Stratosphere_Zero,9100.5337,0.5,8,6,4,7,9,2,2,1,6,0
10,BrainCEMISID,Operation:_Stratosphere_Zero,39618.7712,0.835437625,7,2,2,8,2,7,6,3,5,2
10,Brain_No_Memory,Operation:_Stratosphere_Zero,22557.3383,0.835437625,5,1,2,2,0,5,4,2,3,2
10,Brain_No_Emotion,Operation:_Stratosphere_Zero,36564.9475,0,8,5,4,9,8,5,3,3,9,2
10,Baseline,Operation:_Stratosphere_Zero,9126.4337,0.5,5,4,8,9,7,9,8,7,9,0
11,BrainCEMISID,Operation:_Stratosphere_Zero,39970.9699,0.8427188125,5,3,3,7,2,8,8,3,2,2
11,Brain_No_Memory,Operation:_Stratosphere_Zero,22180.346,0.8427188125,5,3,2,4,2,8,8,1,3,2
11,Brain_No_Emotion,Operation:_Stratosphere_Zero,35586.7809,0,5,3,2,7,3,5,4,3,2,2
11,Baseline,Operation:_Stratosphere_Zero,9032.0519,0.5,4,4,2,3,2,2,2,2,5,0
12,BrainCEMISID,Operation:_Stratosphere_Zero,40487.0307,0.7849031688,4,3,1,5,1,3,1,1,4,2
12,Brain_No_Memory,Operation:_Stratosphere_Zero,25069.7859,0.7849031688,7,8,1,6,1,5,1,3,5,2
12,Brain_No_Emotion,Operation:_Stratosphere_Zero,35607.1737,0,9,10,2,8,5,6,1,5,10,2
12,Baseline,Operation:_Stratosphere_Zero,6395.879,0.5,9,3,5,5,2,8,5,3,9,0
13,BrainCEMISID,Operation:_Stratosphere_Zero,44468.2522,0.7809419013,8,5,6,9,9,8,7,1,9,2
13,Brain_No_Memory,Operation:_Stratosphere_Zero,22507.8032,0.7809419013,7,6,5,7,8,5,5,1,8,2
13,Brain_No_Emotion,Operation:_Stratosphere_Zero,38155.3859,0,7,4,5,3,8,7,4,1,7,2
13,Baseline,Operation:_Stratosphere_Zero,9149.2829,0.5,5,8,9,10,10,9,8,3,10,0
1,BrainCEMISID,The_Best_Man’s_Toast,38427.6204,0.4,10,10,10,9,10,10,9,2,10,2
1,Brain_No_Memory,The_Best_Man’s_Toast,22811.0174,0.4,8,9,9,7,9,10,9,2,9,2
1,Brain_No_Emotion,The_Best_Man’s_Toast,35601.4421,0,10,10,10,10,10,9,8,1,10,2
1,Baseline,The_Best_Man’s_Toast,7086.7223,0.5,9,9,10,10,10,2,3,1,9,0
2,BrainCEMISID,The_Best_Man’s_Toast,41106.9297,0.5875,9,9,9,8,10,10,9,6,9,2
2,Brain_No_Memory,The_Best_Man’s_Toast,22503.841,0.5875,8,3,9,5,8,9,8,5,7,2
2,Brain_No_Emotion,The_Best_Man’s_Toast,35331.98,0,9,8,9,10,10,9,8,5,9,2
2,Baseline,The_Best_Man’s_Toast,8976.3597,0.5,9,8,9,8,9,10,9,5,9,0
3,BrainCEMISID,The_Best_Man’s_Toast,40328.66,0.690625,8,5,4,10,8,7,8,5,7,2
3,Brain_No_Memory,The_Best_Man’s_Toast,22674.3145,0.690625,8,8,9,9,9,10,9,3,8,2
3,Brain_No_Emotion,The_Best_Man’s_Toast,35243.2156,0,8,5,4,10,8,5,4,4,7,2
3,Baseline,The_Best_Man’s_Toast,6501.2824,0.5,10,9,10,10,10,8,10,9,10,0
4,BrainCEMISID,The_Best_Man’s_Toast,40539.5128,0.6325,8,5,5,2,7,9,5,4,8,2
4,Brain_No_Memory,The_Best_Man’s_Toast,22906.1554,0.6325,1,3,4,0,0,2,3,3,1,2
4,Brain_No_Emotion,The_Best_Man’s_Toast,35810.4992,0,9,9,10,3,10,9,8,7,10,2
4,Baseline,The_Best_Man’s_Toast,9073.022,0.5,9,9,10,7,10,4,9,5,9,0
5,BrainCEMISID,The_Best_Man’s_Toast,41329.5518,0.663625,9,7,8,3,10,9,8,4,9,2
5,Brain_No_Memory,The_Best_Man’s_Toast,23669.2752,0.63775,9,9,9,5,9,10,9,4,9,2
5,Brain_No_Emotion,The_Best_Man’s_Toast,36013.4254,0,9,8,8,6,10,5,6,1,9,2
5,Baseline,The_Best_Man’s_Toast,9429.9298,0.5,10,10,10,9,10,10,10,5,10,0
6,BrainCEMISID,The_Best_Man’s_Toast,40676.2689,0.708175,9,8,10,1,10,9,9,5,10,2
6,Brain_No_Memory,The_Best_Man’s_Toast,23775.6384,0.69265,8,8,4,7,8,9,8,3,8,2
6,Brain_No_Emotion,The_Best_Man’s_Toast,35041.8207,0,6,8,3,5,7,1,3,4,8,2
6,Baseline,The_Best_Man’s_Toast,8985.9853,0.5,9,9,2,1,2,9,8,9,9,0
7,BrainCEMISID,The_Best_Man’s_Toast,40171.2566,0.558175,5,2,2,2,2,1,4,2,3,2
7,Brain_No_Memory,The_Best_Man’s_Toast,23709.5961,0.54265,8,6,4,2,4,8,8,2,7,2
7,Brain_No_Emotion,The_Best_Man’s_Toast,36391.2052,0,8,3,6,4,2,6,7,3,7,2
7,Baseline,The_Best_Man’s_Toast,8302.1802,0.5,3,3,3,1,3,3,1,1,3,0
8,BrainCEMISID,The_Best_Man’s_Toast,41421.7909,0.644905,8,5,5,10,9,8,6,3,8,2
8,Brain_No_Memory,The_Best_Man’s_Toast,23462.9709,0.63559,1,1,2,7,0,6,7,3,1,2
8,Brain_No_Emotion,The_Best_Man’s_Toast,35976.2065,0,8,9,8,4,9,6,5,2,8,2
8,Baseline,The_Best_Man’s_Toast,9127.1446,0.5,6,3,3,2,2,5,6,3,4,0
9,BrainCEMISID,The_Best_Man’s_Toast,40069.8691,0.696943,7,2,2,5,2,8,4,2,3,2
9,Brain_No_Memory,The_Best_Man’s_Toast,22632.2507,0.691354,8,8,9,7,9,10,5,4,9,2
9,Brain_No_Emotion,The_Best_Man’s_Toast,38269.0482,0,9,9,10,7,10,8,7,4,10,2
9,Baseline,The_Best_Man’s_Toast,8959.1758,0.5,9,10,10,10,10,10,8,4,10,0
10,BrainCEMISID,The_Best_Man’s_Toast,44691.9026,0.66020725,8,6,4,10,10,8,7,3,8,2
10,Brain_No_Memory,The_Best_Man’s_Toast,23459.5654,0.6560155,8,8,9,9,9,10,9,3,9,2
10,Brain_No_Emotion,The_Best_Man’s_Toast,39068.9652,0,2,1,1,2,1,7,6,3,2,2
10,Baseline,The_Best_Man’s_Toast,6384.9656,0.5,9,7,5,10,10,9,8,3,9,0
11,BrainCEMISID,The_Best_Man’s_Toast,41391.5797,0.6081658,9,10,10,6,10,10,9,4,10,2
11,Brain_No_Memory,The_Best_Man’s_Toast,23089.3195,0.6048124,9,10,10,7,9,10,9,6,9,2
11,Brain_No_Emotion,The_Best_Man’s_Toast,35370.3648,0,9,9,9,7,10,6,6,4,10,2
11,Baseline,The_Best_Man’s_Toast,8791.6374,0.5,10,10,10,8,10,10,10,6,10,0
12,BrainCEMISID,The_Best_Man’s_Toast,41248.1533,0.52291,8,7,6,7,9,9,7,4,8,2
12,Brain_No_Memory,The_Best_Man’s_Toast,23481.3001,0.52291,6,6,5,0,7,9,6,4,7,2
12,Brain_No_Emotion,The_Best_Man’s_Toast,36074.4068,0,9,6,7,2,10,9,8,4,9,2
12,Baseline,The_Best_Man’s_Toast,8969.0296,0.5,10,9,10,4,10,10,10,5,10,0
13,BrainCEMISID,The_Best_Man’s_Toast,44845.0366,0.561037,9,9,10,10,10,10,9,3,10,2
13,Brain_No_Memory,The_Best_Man’s_Toast,23610.2358,0.561037,8,9,9,9,9,10,9,1,9,2
13,Brain_No_Emotion,The_Best_Man’s_Toast,36418.6834,0,8,8,5,9,9,2,6,3,9,2
13,Baseline,The_Best_Man’s_Toast,9789.9094,0.5,2,2,4,7,3,9,7,3,5,0
1,BrainCEMISID,The_Alithia-7_Pressure_Breach,41272.7037,0.3,9,8,3,10,5,9,8,1,9,2
1,Brain_No_Memory,The_Alithia-7_Pressure_Breach,22698.563,0.3,8,8,4,9,9,8,7,1,8,2
1,Brain_No_Emotion,The_Alithia-7_Pressure_Breach,31899.4697,0,10,10,10,10,10,8,8,1,10,2
1,Baseline,The_Alithia-7_Pressure_Breach,4760.1101,0.5,10,10,7,10,10,3,2,1,9,0
2,BrainCEMISID,The_Alithia-7_Pressure_Breach,41988.5428,0.49,8,4,3,6,7,9,4,4,7,2
2,Brain_No_Memory,The_Alithia-7_Pressure_Breach,23130.8467,0.49,5,4,3,2,6,7,3,2,4,2
2,Brain_No_Emotion,The_Alithia-7_Pressure_Breach,38203.6873,0,9,6,6,8,10,8,7,6,9,2
2,Baseline,The_Alithia-7_Pressure_Breach,9136.6492,0.5,6,5,1,5,2,1,1,2,4,0
3,BrainCEMISID,The_Alithia-7_Pressure_Breach,44961.974,0.67,8,4,3,9,7,9,8,4,4,2
3,Brain_No_Memory,The_Alithia-7_Pressure_Breach,23530.0377,0.67,9,8,9,8,9,9,8,4,9,2
3,Brain_No_Emotion,The_Alithia-7_Pressure_Breach,37894.072,0,8,3,3,9,7,8,7,5,3,2
3,Baseline,The_Alithia-7_Pressure_Breach,9608.2725,0.5,8,9,8,8,10,3,4,1,10,0
4,BrainCEMISID,The_Alithia-7_Pressure_Breach,44211.8691,0.712,8,6,3,6,8,4,4,5,7,2
4,Brain_No_Memory,The_Alithia-7_Pressure_Breach,23323.7101,0.712,6,4,2,3,4,3,3,5,5,2
4,Brain_No_Emotion,The_Alithia-7_Pressure_Breach,38828.4567,0,9,6,3,5,8,3,1,4,8,2
4,Baseline,The_Alithia-7_Pressure_Breach,9354.7776,0.5,3,5,2,6,4,2,3,4,6,0
5,BrainCEMISID,The_Alithia-7_Pressure_Breach,42762.8579,0.7372,10,8,7,10,10,10,8,6,10,2
5,Brain_No_Memory,The_Alithia-7_Pressure_Breach,25022.0865,0.7372,8,8,4,9,9,7,6,3,8,2
5,Brain_No_Emotion,The_Alithia-7_Pressure_Breach,35183.9037,0,10,8,5,10,10,8,6,7,10,2
5,Baseline,The_Alithia-7_Pressure_Breach,10077.7977,0.5,2,2,1,3,1,1,1,2,3,0
6,BrainCEMISID,The_Alithia-7_Pressure_Breach,43510.2252,0.75232,9,5,8,7,9,9,8,4,8,2
6,Brain_No_Memory,The_Alithia-7_Pressure_Breach,23265.0864,0.77296,8,2,5,9,1,9,7,2,4,2
6,Brain_No_Emotion,The_Alithia-7_Pressure_Breach,36665.6779,0,8,6,5,8,8,4,3,2,6,2
6,Baseline,The_Alithia-7_Pressure_Breach,9836.1493,0.5,5,3,1,6,2,1,1,2,2,0
7,BrainCEMISID,The_Alithia-7_Pressure_Breach,40733.5999,0.781276,9,7,10,10,10,9,8,6,10,2
7,Brain_No_Memory,The_Alithia-7_Pressure_Breach,23675.2007,0.792628,6,5,6,8,8,8,4,3,7,2
7,Brain_No_Emotion,The_Alithia-7_Pressure_Breach,35912.9186,0,6,2,2,9,5,2,1,1,3,2
7,Baseline,The_Alithia-7_Pressure_Breach,9245.0734,0.5,3,2,1,5,2,1,2,2,1,0
8,BrainCEMISID,The_Alithia-7_Pressure_Breach,43461.2063,0.7787656,9,8,7,9,10,9,8,5,9,2
8,Brain_No_Memory,The_Alithia-7_Pressure_Breach,23159.5959,0.7855768,7,5,5,5,7,7,6,2,7,2
8,Brain_No_Emotion,The_Alithia-7_Pressure_Breach,36897.646,0,10,10,9,8,10,8,8,1,10,2
8,Baseline,The_Alithia-7_Pressure_Breach,9021.7504,0.5,8,5,3,7,8,5,4,4,6,0
9,BrainCEMISID,The_Alithia-7_Pressure_Breach,41666.4572,0.79582108,9,6,9,10,7,9,8,5,9,2
9,Brain_No_Memory,The_Alithia-7_Pressure_Breach,23730.0392,0.79956724,8,7,8,9,6,9,9,6,7,2
9,Brain_No_Emotion,The_Alithia-7_Pressure_Breach,39548.1206,0,9,8,9,10,7,8,8,2,10,2
9,Baseline,The_Alithia-7_Pressure_Breach,9291.9493,0.5,6,2,1,9,3,1,1,1,5,0
10,BrainCEMISID,The_Alithia-7_Pressure_Breach,39966.5471,0.82291054,8,4,6,10,9,9,7,3,9,2
10,Brain_No_Memory,The_Alithia-7_Pressure_Breach,22554.6006,0.82478362,4,3,2,9,4,8,7,4,1,2
10,Brain_No_Emotion,The_Alithia-7_Pressure_Breach,37223.3547,0,5,4,1,10,4,2,1,3,6,2
10,Baseline,The_Alithia-7_Pressure_Breach,9090.0856,0.5,6,5,2,7,3,2,3,5,5,0
11,BrainCEMISID,The_Alithia-7_Pressure_Breach,41306.4509,0.803746324,10,10,10,10,10,9,9,4,10,2
11,Brain_No_Memory,The_Alithia-7_Pressure_Breach,22548.5445,0.804870172,9,10,10,8,9,9,9,3,9,2
11,Brain_No_Emotion,The_Alithia-7_Pressure_Breach,36800.4257,0,9,9,10,10,10,6,5,3,10,2
11,Baseline,The_Alithia-7_Pressure_Breach,9239.8824,0.5,2,2,1,6,1,1,2,1,1,0
12,BrainCEMISID,The_Alithia-7_Pressure_Breach,41888.1083,0.7749351106,7,6,5,6,8,8,7,1,8,2
12,Brain_No_Memory,The_Alithia-7_Pressure_Breach,22534.8164,0.7756656118,8,10,9,7,9,9,9,5,9,2
12,Brain_No_Emotion,The_Alithia-7_Pressure_Breach,34694.274,0,9,10,9,8,10,8,8,5,10,2
12,Baseline,The_Alithia-7_Pressure_Breach,9037.0969,0.5,9,9,8,9,10,7,7,3,10,0
13,BrainCEMISID,The_Alithia-7_Pressure_Breach,40789.6524,0.6624415995,9,4,2,8,7,6,2,2,8,2
13,Brain_No_Memory,The_Alithia-7_Pressure_Breach,22891.9748,0.6670270402,8,8,8,1,9,10,8,3,9,2
13,Brain_No_Emotion,The_Alithia-7_Pressure_Breach,35676.1556,0,9,5,2,8,3,6,1,3,8,2
13,Baseline,The_Alithia-7_Pressure_Breach,9158.4283,0.5,2,2,7,6,3,8,6,4,8,0
1,BrainCEMISID,Andean_Disaster_Response:_Autonomous_Triage,38742.8754,0.45,9,10,9,10,10,9,8,1,10,2
1,Brain_No_Memory,Andean_Disaster_Response:_Autonomous_Triage,22349.213,0.45,9,10,10,9,9,9,9,1,9,2
1,Brain_No_Emotion,Andean_Disaster_Response:_Autonomous_Triage,34157.6263,0,9,10,10,10,10,7,6,1,10,2
1,Baseline,Andean_Disaster_Response:_Autonomous_Triage,4827.4109,0.5,10,10,10,10,10,4,5,1,10,0
2,BrainCEMISID,Andean_Disaster_Response:_Autonomous_Triage,41832.9665,0.51,9,8,7,10,9,9,8,4,9,2
2,Brain_No_Memory,Andean_Disaster_Response:_Autonomous_Triage,24368.7138,0.51,7,7,8,0,3,9,8,6,8,2
2,Brain_No_Emotion,Andean_Disaster_Response:_Autonomous_Triage,34876.3615,0,9,7,5,10,10,8,6,5,9,2
2,Baseline,Andean_Disaster_Response:_Autonomous_Triage,9173.9042,0.5,8,8,4,1,2,9,4,7,9,0
3,BrainCEMISID,Andean_Disaster_Response:_Autonomous_Triage,41430.1929,0.648,8,2,8,7,3,9,9,3,4,2
3,Brain_No_Memory,Andean_Disaster_Response:_Autonomous_Triage,23338.631,0.648,6,2,7,1,2,8,8,1,4,2
3,Brain_No_Emotion,Andean_Disaster_Response:_Autonomous_Triage,36104.9646,0,3,2,2,6,3,8,4,4,3,2
3,Baseline,Andean_Disaster_Response:_Autonomous_Triage,9851.5968,0.5,7,10,10,10,10,9,10,3,10,0
4,BrainCEMISID,Andean_Disaster_Response:_Autonomous_Triage,39914.7283,0.694,7,4,3,7,5,3,4,2,4,2
4,Brain_No_Memory,Andean_Disaster_Response:_Autonomous_Triage,23901.8695,0.694,3,2,1,1,1,2,3,2,2,2
4,Brain_No_Emotion,Andean_Disaster_Response:_Autonomous_Triage,35727.9058,0,4,3,2,4,3,1,1,2,3,2
4,Baseline,Andean_Disaster_Response:_Autonomous_Triage,10310.8982,0.5,5,2,1,3,4,1,1,2,4,0
5,BrainCEMISID,Andean_Disaster_Response:_Autonomous_Triage,41566.3331,0.7492,7,2,1,9,2,8,6,3,4,2
5,Brain_No_Memory,Andean_Disaster_Response:_Autonomous_Triage,22826.1144,0.7492,4,1,1,9,1,6,4,2,2,2
5,Brain_No_Emotion,Andean_Disaster_Response:_Autonomous_Triage,39173.1082,0,6,2,1,9,2,5,3,2,4,2
5,Baseline,Andean_Disaster_Response:_Autonomous_Triage,9019.3004,0.5,6,7,2,10,9,1,2,1,7,0
6,BrainCEMISID,Andean_Disaster_Response:_Autonomous_Triage,45522.9625,0.77956,7,4,9,6,9,10,9,2,9,2
6,Brain_No_Memory,Andean_Disaster_Response:_Autonomous_Triage,22782.1762,0.77956,6,3,8,7,2,8,7,3,7,2
6,Brain_No_Emotion,Andean_Disaster_Response:_Autonomous_Triage,36223.7618,0,9,7,10,8,9,8,7,2,10,2
6,Baseline,Andean_Disaster_Response:_Autonomous_Triage,9101.2687,0.5,2,3,1,4,2,1,1,1,2,0
7,BrainCEMISID,Andean_Disaster_Response:_Autonomous_Triage,40511.654,0.777736,8,7,7,9,10,8,6,4,9,2
7,Brain_No_Memory,Andean_Disaster_Response:_Autonomous_Triage,24305.8098,0.777736,8,8,9,9,9,9,8,5,9,2
7,Brain_No_Emotion,Andean_Disaster_Response:_Autonomous_Triage,36057.9449,0,9,7,9,10,10,8,7,6,10,2
7,Baseline,Andean_Disaster_Response:_Autonomous_Triage,8940.212,0.5,3,2,1,5,2,1,1,1,2,0
8,BrainCEMISID,Andean_Disaster_Response:_Autonomous_Triage,40674.506,0.7580284,9,7,8,9,9,9,8,3,9,2
8,Brain_No_Memory,Andean_Disaster_Response:_Autonomous_Triage,23119.7626,0.7580284,7,3,4,6,6,7,7,2,4,2
8,Brain_No_Emotion,Andean_Disaster_Response:_Autonomous_Triage,38397.762,0,7,4,5,6,6,4,2,2,6,2
8,Baseline,Andean_Disaster_Response:_Autonomous_Triage,9326.6193,0.5,5,3,6,9,8,9,8,3,5,0
9,BrainCEMISID,Andean_Disaster_Response:_Autonomous_Triage,41436.9674,0.729325024,8,6,10,10,10,9,8,1,10,2
9,Brain_No_Memory,Andean_Disaster_Response:_Autonomous_Triage,22189.4325,0.729325024,7,3,2,9,4,7,6,1,3,2
9,Brain_No_Emotion,Andean_Disaster_Response:_Autonomous_Triage,38449.9246,0,4,2,1,9,1,4,5,1,2,2
9,Baseline,Andean_Disaster_Response:_Autonomous_Triage,9254.5214,0.5,3,2,1,8,2,1,1,1,1,0
10,BrainCEMISID,Andean_Disaster_Response:_Autonomous_Triage,42601.3264,0.755811715,10,10,7,10,10,10,9,3,10,2
10,Brain_No_Memory,Andean_Disaster_Response:_Autonomous_Triage,23016.1531,0.755811715,8,8,7,9,9,9,8,1,8,2
10,Brain_No_Emotion,Andean_Disaster_Response:_Autonomous_Triage,35672.6387,0,9,9,3,10,10,6,3,2,9,2
10,Baseline,Andean_Disaster_Response:_Autonomous_Triage,8415.7071,0.5,4,8,2,10,5,2,4,2,7,0
11,BrainCEMISID,Andean_Disaster_Response:_Autonomous_Triage,41149.3124,0.8029058575,6,7,1,8,1,9,8,3,1,2
11,Brain_No_Memory,Andean_Disaster_Response:_Autonomous_Triage,23316.9705,0.8029058575,9,10,10,8,9,9,9,3,9,2
11,Brain_No_Emotion,Andean_Disaster_Response:_Autonomous_Triage,37076.2578,0,7,9,1,5,1,7,7,3,2,2
11,Baseline,Andean_Disaster_Response:_Autonomous_Triage,9036.2977,0.5,10,10,10,10,10,9,9,6,10,0
12,BrainCEMISID,Andean_Disaster_Response:_Autonomous_Triage,42802.8481,0.7708240805,9,10,10,9,10,10,9,1,10,2
12,Brain_No_Memory,Andean_Disaster_Response:_Autonomous_Triage,22937.3183,0.7708240805,7,5,4,8,9,8,7,1,9,2
12,Brain_No_Emotion,Andean_Disaster_Response:_Autonomous_Triage,35712.4964,0,9,10,3,10,10,8,8,3,10,2
12,Baseline,Andean_Disaster_Response:_Autonomous_Triage,8951.5423,0.5,9,8,9,10,10,6,8,3,10,0
13,BrainCEMISID,Andean_Disaster_Response:_Autonomous_Triage,41149.1482,0.6966592644,9,8,6,7,9,8,7,1,9,2
13,Brain_No_Memory,Andean_Disaster_Response:_Autonomous_Triage,24542.4273,0.6966592644,8,8,7,7,8,9,7,1,7,2
13,Brain_No_Emotion,Andean_Disaster_Response:_Autonomous_Triage,37894.6623,0,9,8,6,8,9,6,6,1,8,2
13,Baseline,Andean_Disaster_Response:_Autonomous_Triage,9149.4347,0.5,8,9,9,7,9,10,10,7,9,0
1,BrainCEMISID,Operation_Sylvan_Shield:_The_Silent_Forest,37618.5881,0.2,8,6,3,10,10,2,3,1,6,2
1,Brain_No_Memory,Operation_Sylvan_Shield:_The_Silent_Forest,23045.1059,0.2,8,9,4,9,9,5,4,1,9,2
1,Brain_No_Emotion,Operation_Sylvan_Shield:_The_Silent_Forest,32872.0133,0,9,10,10,10,10,8,7,1,9,2
1,Baseline,Operation_Sylvan_Shield:_The_Silent_Forest,5643.1975,0.5,9,10,10,10,10,8,8,1,10,0
2,BrainCEMISID,Operation_Sylvan_Shield:_The_Silent_Forest,41078.3933,0.3,9,5,8,2,9,9,9,2,9,2
2,Brain_No_Memory,Operation_Sylvan_Shield:_The_Silent_Forest,24571.4006,0.3,7,7,9,7,8,9,9,6,8,2
2,Brain_No_Emotion,Operation_Sylvan_Shield:_The_Silent_Forest,36052.1464,0,8,6,8,1,9,8,8,6,8,2
2,Baseline,Operation_Sylvan_Shield:_The_Silent_Forest,9004.5309,0.5,9,6,2,8,4,4,2,6,7,0
3,BrainCEMISID,Operation_Sylvan_Shield:_The_Silent_Forest,41101.4538,0.45,8,5,2,2,4,6,4,2,4,2
3,Brain_No_Memory,Operation_Sylvan_Shield:_The_Silent_Forest,22552.5909,0.45,7,6,4,6,4,7,4,3,5,2
3,Brain_No_Emotion,Operation_Sylvan_Shield:_The_Silent_Forest,36669.8057,0,9,8,6,7,9,8,6,5,8,2
3,Baseline,Operation_Sylvan_Shield:_The_Silent_Forest,9300.9955,0.5,8,6,3,6,3,7,4,2,7,0
4,BrainCEMISID,Operation_Sylvan_Shield:_The_Silent_Forest,40568.6507,0.615,8,4,9,6,10,9,9,4,9,2
4,Brain_No_Memory,Operation_Sylvan_Shield:_The_Silent_Forest,23788.7963,0.615,8,5,6,8,9,9,8,7,7,2
4,Brain_No_Emotion,Operation_Sylvan_Shield:_The_Silent_Forest,36081.5468,0,8,4,8,6,7,8,7,6,7,2
4,Baseline,Operation_Sylvan_Shield:_The_Silent_Forest,9109.1406,0.5,9,7,9,9,10,3,8,7,9,0
5,BrainCEMISID,Operation_Sylvan_Shield:_The_Silent_Forest,41556.4547,0.572,9,8,9,8,10,10,9,8,9,2
5,Brain_No_Memory,Operation_Sylvan_Shield:_The_Silent_Forest,23349.793,0.572,8,7,3,8,9,9,8,5,8,2
5,Brain_No_Emotion,Operation_Sylvan_Shield:_The_Silent_Forest,36340.1858,0,7,4,2,8,7,7,7,6,4,2
5,Baseline,Operation_Sylvan_Shield:_The_Silent_Forest,9417.0421,0.5,10,8,3,10,8,10,9,9,10,0
6,BrainCEMISID,Operation_Sylvan_Shield:_The_Silent_Forest,40259.3785,0.5954,9,6,8,9,10,9,8,4,9,2
6,Brain_No_Memory,Operation_Sylvan_Shield:_The_Silent_Forest,23376.2044,0.5954,8,6,8,3,6,9,8,3,8,2
6,Brain_No_Emotion,Operation_Sylvan_Shield:_The_Silent_Forest,37097.5393,0,9,7,10,9,10,8,7,2,9,2
6,Baseline,Operation_Sylvan_Shield:_The_Silent_Forest,8698.0077,0.5,10,9,7,10,10,9,9,6,10,0
7,BrainCEMISID,Operation_Sylvan_Shield:_The_Silent_Forest,43282.907,0.69497,9,6,9,8,6,8,8,4,8,2
7,Brain_No_Memory,Operation_Sylvan_Shield:_The_Silent_Forest,22484.7462,0.69497,8,6,9,8,8,9,8,4,7,2
7,Brain_No_Emotion,Operation_Sylvan_Shield:_The_Silent_Forest,35882.4094,0,1,1,1,1,1,0,0,1,1,2
7,Baseline,Operation_Sylvan_Shield:_The_Silent_Forest,9333.1422,0.5,8,7,7,6,9,2,5,1,8,0
8,BrainCEMISID,Operation_Sylvan_Shield:_The_Silent_Forest,40951.6691,0.7042305,8,4,4,10,5,3,5,8,5,2
8,Brain_No_Memory,Operation_Sylvan_Shield:_The_Silent_Forest,23380.6394,0.7042305,9,9,10,9,9,10,9,8,9,2
8,Brain_No_Emotion,Operation_Sylvan_Shield:_The_Silent_Forest,36604.7159,0,9,8,8,10,9,8,7,9,9,2
8,Baseline,Operation_Sylvan_Shield:_The_Silent_Forest,9390.8359,0.5,2,2,1,4,2,1,1,2,1,0
9,BrainCEMISID,Operation_Sylvan_Shield:_The_Silent_Forest,42247.2913,0.5790883,8,5,7,7,8,6,4,1,7,2
9,Brain_No_Memory,Operation_Sylvan_Shield:_The_Silent_Forest,22623.25,0.59445145,7,3,6,8,6,9,6,3,7,2
9,Brain_No_Emotion,Operation_Sylvan_Shield:_The_Silent_Forest,36788.5444,0,8,5,4,9,8,6,2,4,7,2
9,Baseline,Operation_Sylvan_Shield:_The_Silent_Forest,8987.1239,0.5,8,8,4,8,9,2,4,3,9,0
10,BrainCEMISID,Operation_Sylvan_Shield:_The_Silent_Forest,40384.2438,0.685998565,8,2,4,7,9,7,3,3,6,2
10,Brain_No_Memory,Operation_Sylvan_Shield:_The_Silent_Forest,23472.8951,0.6944482975,8,6,8,9,9,10,9,5,8,2
10,Brain_No_Emotion,Operation_Sylvan_Shield:_The_Silent_Forest,35187.4369,0,5,2,4,8,9,6,1,2,3,2
10,Baseline,Operation_Sylvan_Shield:_The_Silent_Forest,9055.9053,0.5,8,5,2,9,9,1,2,2,6,0
11,BrainCEMISID,Operation_Sylvan_Shield:_The_Silent_Forest,43637.1257,0.7447992108,4,1,2,6,1,4,2,1,1,2
11,Brain_No_Memory,Operation_Sylvan_Shield:_The_Silent_Forest,22425.3891,0.7494465636,5,2,2,5,2,5,4,3,1,2
11,Brain_No_Emotion,Operation_Sylvan_Shield:_The_Silent_Forest,36075.5841,0,6,4,4,7,8,4,1,2,8,2
11,Baseline,Operation_Sylvan_Shield:_The_Silent_Forest,9112.3308,0.5,9,8,9,9,10,9,8,6,10,0
12,BrainCEMISID,Operation_Sylvan_Shield:_The_Silent_Forest,41323.5644,0.6701921479,5,4,3,8,7,4,2,1,5,2
12,Brain_No_Memory,Operation_Sylvan_Shield:_The_Silent_Forest,22801.8572,0.662970682,7,9,7,9,9,8,7,4,9,2
12,Brain_No_Emotion,Operation_Sylvan_Shield:_The_Silent_Forest,35304.7598,0,5,6,2,8,9,5,1,3,8,2
12,Baseline,Operation_Sylvan_Shield:_The_Silent_Forest,8957.2326,0.5,8,7,2,9,8,2,1,3,7,0
13,BrainCEMISID,Operation_Sylvan_Shield:_The_Silent_Forest,42868.6681,0.6641345035,7,4,2,3,5,6,3,3,5,2
13,Brain_No_Memory,Operation_Sylvan_Shield:_The_Silent_Forest,24009.0152,0.6590794774,7,6,3,4,8,8,7,3,8,2
13,Brain_No_Emotion,Operation_Sylvan_Shield:_The_Silent_Forest,36001.3851,0,8,8,9,8,10,7,7,1,9,2
13,Baseline,Operation_Sylvan_Shield:_The_Silent_Forest,8968.605,0.5,2,2,2,8,5,9,4,5,7,0
1,BrainCEMISID,The_High-Pressure_Monday_Morning,41114.1107,0.35,9,7,4,8,6,9,9,1,9,2
1,Brain_No_Memory,The_High-Pressure_Monday_Morning,24916.9561,0.35,9,10,10,9,9,10,10,2,9,2
1,Brain_No_Emotion,The_High-Pressure_Monday_Morning,33831.9581,0,10,10,10,10,10,8,8,1,10,2
1,Baseline,The_High-Pressure_Monday_Morning,5783.2607,0.5,10,9,10,10,10,5,6,1,10,0
2,BrainCEMISID,The_High-Pressure_Monday_Morning,43901.2499,0.52,10,9,4,10,10,7,4,1,10,2
2,Brain_No_Memory,The_High-Pressure_Monday_Morning,23127.725,0.52,9,9,7,9,9,10,8,1,9,2
2,Brain_No_Emotion,The_High-Pressure_Monday_Morning,37391.0748,0,3,3,3,1,3,2,0,1,3,2
2,Baseline,The_High-Pressure_Monday_Morning,7101.2797,0.5,10,8,3,10,10,5,3,1,10,0
3,BrainCEMISID,The_High-Pressure_Monday_Morning,42316.5108,0.622,9,8,9,8,10,10,9,9,10,2
3,Brain_No_Memory,The_High-Pressure_Monday_Morning,23492.0158,0.622,8,7,9,7,9,9,9,4,8,2
3,Brain_No_Emotion,The_High-Pressure_Monday_Morning,36673.4015,0,9,6,5,8,10,8,6,4,8,2
3,Baseline,The_High-Pressure_Monday_Morning,8753.5609,0.5,8,6,2,7,3,5,3,6,6,0
4,BrainCEMISID,The_High-Pressure_Monday_Morning,42105.9168,0.5512,7,3,3,7,6,4,3,3,3,2
4,Brain_No_Memory,The_High-Pressure_Monday_Morning,24210.2427,0.5512,9,9,9,4,9,10,8,2,9,2
4,Brain_No_Emotion,The_High-Pressure_Monday_Morning,36589.1875,0,8,6,6,4,8,8,5,3,9,2
4,Baseline,The_High-Pressure_Monday_Morning,9137.5732,0.5,3,4,2,5,2,1,3,2,4,0
5,BrainCEMISID,The_High-Pressure_Monday_Morning,42620.9001,0.52096,6,2,1,9,1,8,7,7,1,2
5,Brain_No_Memory,The_High-Pressure_Monday_Morning,24439.2477,0.52096,9,9,10,9,9,10,9,8,9,2
5,Brain_No_Emotion,The_High-Pressure_Monday_Morning,37230.5779,0,10,10,10,10,10,8,8,7,10,2
5,Baseline,The_High-Pressure_Monday_Morning,8968.7029,0.5,6,5,7,10,8,9,8,3,7,0
6,BrainCEMISID,The_High-Pressure_Monday_Morning,44637.585,0.465316,9,6,7,8,9,10,9,5,9,2
6,Brain_No_Memory,The_High-Pressure_Monday_Morning,23368.4757,0.496768,8,6,5,6,6,10,9,4,8,2
6,Brain_No_Emotion,The_High-Pressure_Monday_Morning,39323.7601,0,9,6,4,1,6,8,7,5,8,2
6,Baseline,The_High-Pressure_Monday_Morning,9234.3435,0.5,8,6,1,6,1,2,4,3,7,0
7,BrainCEMISID,The_High-Pressure_Monday_Morning,44856.694,0.6234238,5,4,8,2,7,9,7,1,8,2
7,Brain_No_Memory,The_High-Pressure_Monday_Morning,23169.4881,0.6407224,6,4,6,4,5,9,8,2,6,2
7,Brain_No_Emotion,The_High-Pressure_Monday_Morning,36737.0719,0,7,4,5,6,4,4,6,1,6,2
7,Baseline,The_High-Pressure_Monday_Morning,9488.4641,0.5,7,4,3,8,3,2,4,1,4,0
8,BrainCEMISID,The_High-Pressure_Monday_Morning,42874.8784,0.60506785,6,2,3,3,2,8,8,2,4,2
8,Brain_No_Memory,The_High-Pressure_Monday_Morning,25648.0916,0.66896956,8,8,5,1,2,9,9,5,8,2
8,Brain_No_Emotion,The_High-Pressure_Monday_Morning,37243.4131,0,10,10,10,8,10,9,9,10,10,2
8,Baseline,The_High-Pressure_Monday_Morning,9083.2165,0.5,7,6,5,4,4,4,7,1,6,0
9,BrainCEMISID,The_High-Pressure_Monday_Morning,44086.4162,0.63856576,8,5,4,4,6,8,7,3,8,2
9,Brain_No_Memory,The_High-Pressure_Monday_Morning,22950.2103,0.663278692,8,7,8,5,8,9,8,4,8,2
9,Brain_No_Emotion,The_High-Pressure_Monday_Morning,36559.1862,0,7,2,3,2,5,5,4,3,6,2
9,Baseline,The_High-Pressure_Monday_Morning,9153.4651,0.5,9,8,7,10,9,8,8,4,9,0
10,BrainCEMISID,The_High-Pressure_Monday_Morning,42891.3915,0.6545558718,6,3,3,1,3,7,8,4,5,2
10,Brain_No_Memory,The_High-Pressure_Monday_Morning,24122.3262,0.6836311498,9,9,10,7,9,9,9,3,9,2
10,Brain_No_Emotion,The_High-Pressure_Monday_Morning,36966.905,0,5,2,2,1,2,4,2,1,3,2
10,Baseline,The_High-Pressure_Monday_Morning,9247.2081,0.5,9,9,8,8,10,4,4,1,9,0
11,BrainCEMISID,The_High-Pressure_Monday_Morning,45005.9014,0.6779613166,8,6,3,1,7,7,5,3,6,2
11,Brain_No_Memory,The_High-Pressure_Monday_Morning,25790.8201,0.6968602474,8,8,7,0,8,9,9,7,8,2
11,Brain_No_Emotion,The_High-Pressure_Monday_Morning,38428.1046,0,7,6,5,4,7,5,5,1,7,2
11,Baseline,The_High-Pressure_Monday_Morning,9250.2922,0.5,4,3,1,2,2,1,2,1,3,0
12,BrainCEMISID,The_High-Pressure_Monday_Morning,45542.8418,0.71677679,5,5,4,8,5,6,7,1,4,2
12,Brain_No_Memory,The_High-Pressure_Monday_Morning,23513.7542,0.7281161484,3,5,3,7,3,7,6,2,3,2
12,Brain_No_Emotion,The_High-Pressure_Monday_Morning,37817.6154,0,3,4,3,8,2,7,6,3,2,2
12,Baseline,The_High-Pressure_Monday_Morning,9438.7546,0.5,2,2,1,4,3,1,2,1,2,0
13,BrainCEMISID,The_High-Pressure_Monday_Morning,43908.6794,0.56677679,5,3,4,5,4,9,8,3,8,2
13,Brain_No_Memory,The_High-Pressure_Monday_Morning,26550.4091,0.5781161484,4,3,6,3,3,9,9,2,7,2
13,Brain_No_Emotion,The_High-Pressure_Monday_Morning,38317.575,0,4,2,2,6,2,8,2,1,5,2
13,Baseline,The_High-Pressure_Monday_Morning,9196.0323,0.5,3,2,2,4,2,1,4,1,3,0
1,BrainCEMISID,Municipal_Data_Center_Zero-Day_Response,40998.9127,0.4,10,10,10,10,10,10,9,1,10,2
1,Brain_No_Memory,Municipal_Data_Center_Zero-Day_Response,22710.017,0.4,9,9,10,9,9,10,9,1,9,2
1,Brain_No_Emotion,Municipal_Data_Center_Zero-Day_Response,33470.7099,0,10,6,5,7,10,8,7,1,10,2
1,Baseline,Municipal_Data_Center_Zero-Day_Response,5359.3298,0.5,10,8,6,10,10,2,2,1,8,0
2,BrainCEMISID,Municipal_Data_Center_Zero-Day_Response,42291.6714,0.5875,10,10,10,9,10,10,10,9,10,2
2,Brain_No_Memory,Municipal_Data_Center_Zero-Day_Response,24217.7485,0.5875,8,7,4,7,7,8,7,4,8,2
2,Brain_No_Emotion,Municipal_Data_Center_Zero-Day_Response,37625.5657,0,9,8,6,7,9,8,7,4,9,2
2,Baseline,Municipal_Data_Center_Zero-Day_Response,9090.3713,0.5,9,8,7,7,9,9,8,4,9,0
3,BrainCEMISID,Municipal_Data_Center_Zero-Day_Response,42327.2051,0.690625,9,8,9,10,10,10,9,1,10,2
3,Brain_No_Memory,Municipal_Data_Center_Zero-Day_Response,22644.2137,0.690625,8,7,9,6,9,10,9,1,9,2
3,Brain_No_Emotion,Municipal_Data_Center_Zero-Day_Response,38071.9032,0,9,9,10,8,10,9,8,1,10,2
3,Baseline,Municipal_Data_Center_Zero-Day_Response,8129.9101,0.5,9,7,4,6,10,3,3,1,7,0
4,BrainCEMISID,Municipal_Data_Center_Zero-Day_Response,42790.6579,0.74734375,9,8,9,7,9,8,7,1,9,2
4,Brain_No_Memory,Municipal_Data_Center_Zero-Day_Response,27731.1778,0.74734375,6,5,4,0,2,6,5,1,5,2
4,Brain_No_Emotion,Municipal_Data_Center_Zero-Day_Response,36975.9063,0,8,4,3,7,3,5,3,1,4,2
4,Baseline,Municipal_Data_Center_Zero-Day_Response,9237.1614,0.5,10,9,10,6,10,9,8,2,10,0
5,BrainCEMISID,Municipal_Data_Center_Zero-Day_Response,43917.6101,0.75840625,6,1,1,4,1,9,2,5,1,2
5,Brain_No_Memory,Municipal_Data_Center_Zero-Day_Response,24130.6153,0.75840625,4,1,1,5,0,8,2,1,1,2
5,Brain_No_Emotion,Municipal_Data_Center_Zero-Day_Response,36844.4975,0,8,5,4,7,4,8,7,3,4,2
5,Baseline,Municipal_Data_Center_Zero-Day_Response,9075.2649,0.5,4,3,1,5,2,1,1,2,3,0
6,BrainCEMISID,Municipal_Data_Center_Zero-Day_Response,41654.883,0.76504375,8,4,2,7,2,8,8,3,8,2
6,Brain_No_Memory,Municipal_Data_Center_Zero-Day_Response,23515.5309,0.76504375,7,4,2,8,1,7,6,3,6,2
6,Brain_No_Emotion,Municipal_Data_Center_Zero-Day_Response,36963.8213,0,8,6,2,8,3,7,7,4,9,2
6,Baseline,Municipal_Data_Center_Zero-Day_Response,9479.981,0.5,8,6,2,8,2,6,5,3,6,0
7,BrainCEMISID,Municipal_Data_Center_Zero-Day_Response,41972.0586,0.807521875,8,9,10,2,10,9,8,1,10,2
7,Brain_No_Memory,Municipal_Data_Center_Zero-Day_Response,23329.7035,0.807521875,7,5,7,5,7,7,6,1,8,2
7,Brain_No_Emotion,Municipal_Data_Center_Zero-Day_Response,37010.1029,0,8,8,10,1,9,8,7,1,10,2
7,Baseline,Municipal_Data_Center_Zero-Day_Response,8953.725,0.5,9,8,4,8,10,2,1,1,10,0
8,BrainCEMISID,Municipal_Data_Center_Zero-Day_Response,45326.9165,0.8287609375,9,6,8,10,8,9,8,9,8,2
8,Brain_No_Memory,Municipal_Data_Center_Zero-Day_Response,23584.7271,0.8287609375,9,8,10,9,9,10,9,8,9,2
8,Brain_No_Emotion,Municipal_Data_Center_Zero-Day_Response,37311.2234,0,9,2,4,10,3,7,7,6,2,2
8,Baseline,Municipal_Data_Center_Zero-Day_Response,10661.2889,0.5,8,6,6,7,10,2,4,1,9,0
9,BrainCEMISID,Municipal_Data_Center_Zero-Day_Response,41922.36,0.8233185156,7,3,4,6,5,8,5,3,6,2
9,Brain_No_Memory,Municipal_Data_Center_Zero-Day_Response,22993.7506,0.8233185156,6,3,2,0,1,7,3,2,4,2
9,Brain_No_Emotion,Municipal_Data_Center_Zero-Day_Response,36458.3927,0,7,2,4,4,7,7,5,2,7,2
9,Baseline,Municipal_Data_Center_Zero-Day_Response,8943.6654,0.5,6,5,2,7,5,1,3,2,4,0
10,BrainCEMISID,Municipal_Data_Center_Zero-Day_Response,41580.1407,0.8203251836,10,10,10,10,10,9,9,2,10,2
10,Brain_No_Memory,Municipal_Data_Center_Zero-Day_Response,23818.0509,0.8203251836,9,10,10,9,9,9,9,3,9,2
10,Brain_No_Emotion,Municipal_Data_Center_Zero-Day_Response,37501.7502,0,10,10,9,10,10,7,5,2,10,2
10,Baseline,Municipal_Data_Center_Zero-Day_Response,5186.4013,0.5,9,7,6,10,10,2,4,3,10,0
11,BrainCEMISID,Municipal_Data_Center_Zero-Day_Response,44178.5071,0.818678851,9,6,9,10,10,10,9,6,9,2
11,Brain_No_Memory,Municipal_Data_Center_Zero-Day_Response,24598.961,0.818678851,8,10,8,9,9,9,9,4,8,2
11,Brain_No_Emotion,Municipal_Data_Center_Zero-Day_Response,37038.107,0,9,10,8,7,10,8,8,6,9,2
11,Baseline,Municipal_Data_Center_Zero-Day_Response,9020.6475,0.5,6,4,2,3,7,1,1,1,5,0
12,BrainCEMISID,Municipal_Data_Center_Zero-Day_Response,41133.9633,0.7349430808,7,3,5,1,5,8,5,2,7,2
12,Brain_No_Memory,Municipal_Data_Center_Zero-Day_Response,25240.7591,0.7349430808,8,8,8,1,9,9,8,5,8,2
12,Brain_No_Emotion,Municipal_Data_Center_Zero-Day_Response,37313.199,0,8,7,8,6,9,8,8,3,9,2
12,Baseline,Municipal_Data_Center_Zero-Day_Response,9566.7355,0.5,3,3,8,5,7,9,9,2,8,0
13,BrainCEMISID,Municipal_Data_Center_Zero-Day_Response,43298.4429,0.6472016187,9,9,7,8,10,9,8,1,9,2
13,Brain_No_Memory,Municipal_Data_Center_Zero-Day_Response,23808.5147,0.6472016187,1,2,2,0,1,2,3,1,1,2
13,Brain_No_Emotion,Municipal_Data_Center_Zero-Day_Response,37133.4217,0,6,4,3,4,3,3,3,1,5,2
13,Baseline,Municipal_Data_Center_Zero-Day_Response,9076.727,0.5,6,3,2,3,2,1,4,3,4,0
1,BrainCEMISID,The_Thanksgiving_Reconciliation,39104.3171,0.35,9,8,8,10,10,8,7,1,9,2
1,Brain_No_Memory,The_Thanksgiving_Reconciliation,23205.1628,0.35,9,10,9,9,9,8,7,1,9,2
1,Brain_No_Emotion,The_Thanksgiving_Reconciliation,34765.3958,0,10,10,9,10,10,8,8,4,10,2
1,Baseline,The_Thanksgiving_Reconciliation,6057.028,0.5,10,8,9,10,10,4,2,1,9,0
2,BrainCEMISID,The_Thanksgiving_Reconciliation,41271.2433,0.48,9,8,9,7,10,10,8,5,9,2
2,Brain_No_Memory,The_Thanksgiving_Reconciliation,23257.7274,0.48,8,8,8,6,8,10,9,6,8,2
2,Brain_No_Emotion,The_Thanksgiving_Reconciliation,41211.77,0,9,6,5,7,7,8,6,5,8,2
2,Baseline,The_Thanksgiving_Reconciliation,9052.3666,0.5,9,9,9,3,9,10,9,2,9,0
3,BrainCEMISID,The_Thanksgiving_Reconciliation,41335.8251,0.505,9,10,10,7,10,8,8,2,10,2
3,Brain_No_Memory,The_Thanksgiving_Reconciliation,25020.2852,0.505,9,10,10,7,9,10,9,7,9,2
3,Brain_No_Emotion,The_Thanksgiving_Reconciliation,36911.481,0,9,10,10,8,10,8,8,3,10,2
3,Baseline,The_Thanksgiving_Reconciliation,6983.9147,0.5,9,9,7,4,10,6,8,2,10,0
4,BrainCEMISID,The_Thanksgiving_Reconciliation,41782.3869,0.51625,8,6,4,5,6,9,8,3,6,2
4,Brain_No_Memory,The_Thanksgiving_Reconciliation,24144.0654,0.51625,8,7,8,3,8,9,8,2,9,2
4,Brain_No_Emotion,The_Thanksgiving_Reconciliation,39222.3528,0,5,2,1,3,1,5,3,1,2,2
4,Baseline,The_Thanksgiving_Reconciliation,9110.3165,0.5,3,3,1,5,2,1,1,2,3,0
5,BrainCEMISID,The_Thanksgiving_Reconciliation,41579.793,0.542445,9,9,10,8,10,10,9,2,10,2
5,Brain_No_Memory,The_Thanksgiving_Reconciliation,23613.8162,0.52603,8,6,10,0,9,8,9,3,9,2
5,Brain_No_Emotion,The_Thanksgiving_Reconciliation,37853.3998,0,4,9,10,1,10,8,4,1,10,2
5,Baseline,The_Thanksgiving_Reconciliation,10564.6378,0.5,10,10,10,7,10,10,9,6,10,0
6,BrainCEMISID,The_Thanksgiving_Reconciliation,42636.3035,0.6058,8,6,5,4,7,9,8,3,8,2
6,Brain_No_Memory,The_Thanksgiving_Reconciliation,25363.7412,0.6058,8,1,3,5,0,10,9,6,1,2
6,Brain_No_Emotion,The_Thanksgiving_Reconciliation,43140.2467,0,8,4,3,5,6,6,5,5,8,2
6,Baseline,The_Thanksgiving_Reconciliation,9039.7279,0.5,7,7,2,8,2,2,3,7,5,0
7,BrainCEMISID,The_Thanksgiving_Reconciliation,44332.1598,0.67348,6,3,2,10,3,2,4,1,4,2
7,Brain_No_Memory,The_Thanksgiving_Reconciliation,22821.6204,0.67348,2,2,1,1,1,4,7,1,2,2
7,Brain_No_Emotion,The_Thanksgiving_Reconciliation,37711.1761,0,7,3,2,2,3,5,7,1,4,2
7,Baseline,The_Thanksgiving_Reconciliation,9288.6175,0.5,9,9,10,8,10,10,9,4,9,0
8,BrainCEMISID,The_Thanksgiving_Reconciliation,42384.4001,0.714088,8,8,2,4,10,1,3,2,8,2
8,Brain_No_Memory,The_Thanksgiving_Reconciliation,25579.4024,0.714088,8,9,8,7,9,6,7,2,9,2
8,Brain_No_Emotion,The_Thanksgiving_Reconciliation,38437.7677,0,7,5,3,5,9,1,3,3,8,2
8,Baseline,The_Thanksgiving_Reconciliation,10707.4715,0.5,9,7,4,9,10,3,5,3,9,0
9,BrainCEMISID,The_Thanksgiving_Reconciliation,43178.1401,0.6294748,9,7,10,6,8,10,10,1,10,2
9,Brain_No_Memory,The_Thanksgiving_Reconciliation,24883.2217,0.6294748,8,8,10,1,8,10,9,1,9,2
9,Brain_No_Emotion,The_Thanksgiving_Reconciliation,38803.7965,0,9,10,10,1,10,9,8,2,10,2
9,Baseline,The_Thanksgiving_Reconciliation,10345.6237,0.5,3,2,1,2,1,1,1,1,2,0
10,BrainCEMISID,The_Thanksgiving_Reconciliation,43297.1544,0.6096061,10,3,2,7,2,9,9,8,5,2
10,Brain_No_Memory,The_Thanksgiving_Reconciliation,26271.9278,0.6096061,8,2,1,5,1,9,8,4,8,2
10,Brain_No_Emotion,The_Thanksgiving_Reconciliation,38119.6047,0,3,2,1,4,2,0,2,5,4,2
10,Baseline,The_Thanksgiving_Reconciliation,11484.6447,0.5,9,8,8,6,8,1,3,4,9,0
11,BrainCEMISID,The_Thanksgiving_Reconciliation,43180.368,0.6714887565,9,8,6,6,10,3,8,2,9,2
11,Brain_No_Memory,The_Thanksgiving_Reconciliation,24037.4353,0.6689926259,8,9,10,6,9,9,9,3,9,2
11,Brain_No_Emotion,The_Thanksgiving_Reconciliation,37086.9886,0,8,5,5,1,9,1,4,2,8,2
11,Baseline,The_Thanksgiving_Reconciliation,6861.0248,0.5,10,10,10,8,10,9,10,2,10,0
12,BrainCEMISID,The_Thanksgiving_Reconciliation,42673.4186,0.6650421295,9,6,8,1,7,8,9,3,9,2
12,Brain_No_Memory,The_Thanksgiving_Reconciliation,25496.8887,0.6632948381,8,7,8,0,9,9,9,4,9,2
12,Brain_No_Emotion,The_Thanksgiving_Reconciliation,37965.9191,0,8,7,6,1,7,5,7,5,8,2
12,Baseline,The_Thanksgiving_Reconciliation,10950.6132,0.5,10,10,10,5,10,10,10,4,10,0
13,BrainCEMISID,The_Thanksgiving_Reconciliation,48579.0696,0.6605294907,5,2,2,3,2,7,5,1,5,2
13,Brain_No_Memory,The_Thanksgiving_Reconciliation,28727.0214,0.6593063867,8,8,10,7,9,10,9,3,8,2
13,Brain_No_Emotion,The_Thanksgiving_Reconciliation,48058.4102,0,8,7,6,7,8,8,7,1,8,2
13,Baseline,The_Thanksgiving_Reconciliation,15466.1717,0.5,2,2,2,6,2,9,7,3,5,0
1,BrainCEMISID,Operation:_Stratosphere_Zero,18406.1792,0.4,10,10,9,10,10,10,9,3,10,2
1,Brain_No_Memory,Operation:_Stratosphere_Zero,12353.6493,0.4,8,10,9,9,9,9,8,5,8,2
1,Brain_No_Emotion,Operation:_Stratosphere_Zero,10826.0095,0,10,10,3,10,10,2,2,1,10,2
1,Baseline,Operation:_Stratosphere_Zero,2508.3633,0.5,10,10,6,10,10,4,3,1,10,0
2,BrainCEMISID,Operation:_Stratosphere_Zero,19920.9025,0.83,7,2,3,2,2,8,7,4,5,2
2,Brain_No_Memory,Operation:_Stratosphere_Zero,10329.566,0.83,5,2,1,1,0,8,1,1,1,2
2,Brain_No_Emotion,Operation:_Stratosphere_Zero,15124.6854,0,4,2,1,3,1,3,0,4,3,2
2,Baseline,Operation:_Stratosphere_Zero,4158.2737,0.5,4,3,1,6,4,1,1,1,4,0
3,BrainCEMISID,Operation:_Stratosphere_Zero,12617.4255,0.815625,7,3,4,8,7,9,8,6,8,2
3,Brain_No_Memory,Operation:_Stratosphere_Zero,11156.1149,0.815625,6,4,3,3,3,8,8,5,6,2
3,Brain_No_Emotion,Operation:_Stratosphere_Zero,17819.7867,0,5,3,2,4,2,4,5,5,5,2
3,Baseline,Operation:_Stratosphere_Zero,3805.2814,0.5,5,4,1,5,2,1,2,3,2,0
4,BrainCEMISID,Operation:_Stratosphere_Zero,19729.0296,0.84984375,7,2,9,3,1,9,8,5,8,2
4,Brain_No_Memory,Operation:_Stratosphere_Zero,9001.9417,0.84984375,6,1,10,2,0,10,10,4,9,2
4,Brain_No_Emotion,Operation:_Stratosphere_Zero,19376.9438,0,2,2,8,3,2,7,7,3,2,2
4,Baseline,Operation:_Stratosphere_Zero,3930.4298,0.5,8,6,5,9,10,2,3,1,8,0
5,BrainCEMISID,Operation:_Stratosphere_Zero,13259.3154,0.84464,9,3,4,10,6,7,8,1,5,2
5,Brain_No_Memory,Operation:_Stratosphere_Zero,11802.796,0.84464,6,2,2,6,3,4,3,3,1,2
5,Brain_No_Emotion,Operation:_Stratosphere_Zero,17132.6384,0,7,3,4,6,5,7,2,2,5,2
5,Baseline,Operation:_Stratosphere_Zero,4908.3166,0.5,4,3,2,5,4,1,2,1,4,0
6,BrainCEMISID,Operation:_Stratosphere_Zero,20318.5863,0.816784,9,6,4,10,10,9,5,5,6,2
6,Brain_No_Memory,Operation:_Stratosphere_Zero,12159.2487,0.816784,9,6,10,9,9,10,10,5,9,2
6,Brain_No_Emotion,Operation:_Stratosphere_Zero,17489.7808,0,8,3,2,1,3,5,3,7,5,2
6,Baseline,Operation:_Stratosphere_Zero,3846.5285,0.5,7,1,3,2,4,9,6,8,6,0
7,BrainCEMISID,Operation:_Stratosphere_Zero,16270.0778,0.7638976,7,3,4,2,6,7,5,4,4,2
7,Brain_No_Memory,Operation:_Stratosphere_Zero,11899.8108,0.8425984,7,2,4,5,6,9,8,5,2,2
7,Brain_No_Emotion,Operation:_Stratosphere_Zero,16841.0378,0,6,2,2,6,3,7,5,6,1,2
7,Baseline,Operation:_Stratosphere_Zero,3954.5874,0.5,7,3,3,9,4,9,7,3,1,0
8,BrainCEMISID,Operation:_Stratosphere_Zero,19941.9403,0.8414840156,9,8,9,4,10,9,8,4,10,2
8,Brain_No_Memory,Operation:_Stratosphere_Zero,11137.859,0.8466291563,9,10,10,5,9,10,10,2,9,2
8,Brain_No_Emotion,Operation:_Stratosphere_Zero,15641.1907,0,10,10,10,9,10,9,9,4,10,2
8,Baseline,Operation:_Stratosphere_Zero,3594.0534,0.5,6,5,4,7,9,2,3,1,9,0
9,BrainCEMISID,Operation:_Stratosphere_Zero,17719.2325,0.8382968031,9,5,3,4,6,9,9,2,8,2
9,Brain_No_Memory,Operation:_Stratosphere_Zero,11398.1775,0.8393258313,7,4,4,8,7,9,8,3,5,2
9,Brain_No_Emotion,Operation:_Stratosphere_Zero,17080.7323,0,10,10,10,10,10,8,7,3,10,2
9,Baseline,Operation:_Stratosphere_Zero,4015.1884,0.5,4,4,2,3,5,1,2,1,5,0
10,BrainCEMISID,Operation:_Stratosphere_Zero,19481.243,0.8532445205,9,4,6,10,6,10,8,5,9,2
10,Brain_No_Memory,Operation:_Stratosphere_Zero,8210.832,0.8533988747,6,3,5,1,3,7,6,4,6,2
10,Brain_No_Emotion,Operation:_Stratosphere_Zero,16626.7226,0,7,4,2,9,4,4,2,3,6,2
10,Baseline,Operation:_Stratosphere_Zero,3985.5858,0.5,8,2,3,2,2,8,8,4,7,0
11,BrainCEMISID,Operation:_Stratosphere_Zero,12848.0258,0.8437906534,2,1,4,7,2,9,9,3,1,2
11,Brain_No_Memory,Operation:_Stratosphere_Zero,11396.6701,0.8445568218,2,2,2,6,1,9,9,4,1,2
11,Brain_No_Emotion,Operation:_Stratosphere_Zero,17040.8986,0,3,2,4,7,2,7,5,6,2,2
11,Baseline,Operation:_Stratosphere_Zero,3983.9179,0.5,4,3,2,7,3,9,8,4,3,0
12,BrainCEMISID,Operation:_Stratosphere_Zero,20126.5007,0.8162743921,4,5,2,8,3,4,2,7,3,2
12,Brain_No_Memory,Operation:_Stratosphere_Zero,8830.6784,0.8167340931,1,2,1,4,0,1,1,2,1,2
12,Brain_No_Emotion,Operation:_Stratosphere_Zero,18077.2219,0,9,9,3,3,9,8,2,9,9,2
12,Baseline,Operation:_Stratosphere_Zero,3318.9944,0.5,2,2,6,7,1,7,6,9,2,0
13,BrainCEMISID,Operation:_Stratosphere_Zero,11857.158,0.8481297808,4,2,3,4,3,5,4,1,3,2
13,Brain_No_Memory,Operation:_Stratosphere_Zero,11442.9299,0.845763146,4,3,4,2,3,6,5,1,6,2
13,Brain_No_Emotion,Operation:_Stratosphere_Zero,18469.7316,0,5,2,2,3,4,5,2,4,4,2
13,Baseline,Operation:_Stratosphere_Zero,3869.5456,0.5,2,3,6,5,2,5,6,1,8,0
1,BrainCEMISID,The_Best_Man’s_Toast,18568.3338,0.4,9,8,8,9,10,9,8,4,10,2
1,Brain_No_Memory,The_Best_Man’s_Toast,9532.4688,0.4,6,3,3,6,9,5,7,2,6,2
1,Brain_No_Emotion,The_Best_Man’s_Toast,15917.8703,0,9,9,10,10,10,9,8,3,10,2
1,Baseline,The_Best_Man’s_Toast,3683.0041,0.5,4,4,2,8,10,1,3,1,4,0
2,BrainCEMISID,The_Best_Man’s_Toast,19964.0978,0.43,5,3,3,4,3,6,4,2,4,2
2,Brain_No_Memory,The_Best_Man’s_Toast,10669.7198,0.43,8,3,5,2,6,9,7,2,8,2
2,Brain_No_Emotion,The_Best_Man’s_Toast,14531.9101,0,7,3,5,2,4,8,6,3,4,2
2,Baseline,The_Best_Man’s_Toast,3951.7801,0.5,6,4,2,3,2,1,2,2,5,0
3,BrainCEMISID,The_Best_Man’s_Toast,19589.0218,0.568,9,10,10,10,10,10,10,6,10,2
3,Brain_No_Memory,The_Best_Man’s_Toast,11001.4421,0.568,7,6,4,9,7,4,6,3,7,2
3,Brain_No_Emotion,The_Best_Man’s_Toast,17766.4902,0,9,6,6,10,10,7,6,4,9,2
3,Baseline,The_Best_Man’s_Toast,2961.1061,0.5,10,10,9,10,10,10,10,8,10,0
4,BrainCEMISID,The_Best_Man’s_Toast,19784.3688,0.6792,5,3,2,4,2,4,3,2,3,2
4,Brain_No_Memory,The_Best_Man’s_Toast,8612.5836,0.599,4,2,2,7,1,7,3,1,1,2
4,Brain_No_Emotion,The_Best_Man’s_Toast,16931.3702,0,8,2,1,5,1,5,1,2,1,2
4,Baseline,The_Best_Man’s_Toast,3818.8275,0.5,9,6,4,7,5,6,5,2,7,0
5,BrainCEMISID,The_Best_Man’s_Toast,13859.8224,0.83278,8,7,6,2,9,7,6,3,8,2
5,Brain_No_Memory,The_Best_Man’s_Toast,11080.7664,0.77704,3,4,5,2,6,6,6,3,6,2
5,Brain_No_Emotion,The_Best_Man’s_Toast,16988.9629,0,9,7,4,2,9,7,4,2,9,2
5,Baseline,The_Best_Man’s_Toast,2926.4146,0.5,4,2,3,1,2,6,5,3,2,0
6,BrainCEMISID,The_Best_Man’s_Toast,17887.9056,0.777946,7,6,2,1,2,8,7,5,8,2
6,Brain_No_Memory,The_Best_Man’s_Toast,10595.8431,0.738928,7,4,8,0,7,9,9,7,8,2
6,Brain_No_Emotion,The_Best_Man’s_Toast,17651.1688,0,9,8,3,4,9,9,8,7,10,2
6,Baseline,The_Best_Man’s_Toast,3891.9095,0.5,4,3,2,1,2,1,4,8,3,0
7,BrainCEMISID,The_Best_Man’s_Toast,19313.9648,0.7600464,6,3,2,1,3,2,4,4,3,2
7,Brain_No_Memory,The_Best_Man’s_Toast,10619.7202,0.82,6,5,4,8,3,6,7,6,6,2
7,Brain_No_Emotion,The_Best_Man’s_Toast,14194.5206,0,7,4,3,6,5,3,4,5,7,2
7,Baseline,The_Best_Man’s_Toast,2948.8057,0.5,8,5,3,4,3,6,7,3,5,0
8,BrainCEMISID,The_Best_Man’s_Toast,20206.7898,0.68484841,2,1,1,6,2,1,3,3,2,2
8,Brain_No_Memory,The_Best_Man’s_Toast,12124.4352,0.7195,1,1,2,7,0,4,7,8,1,2
8,Brain_No_Emotion,The_Best_Man’s_Toast,16642.3072,0,2,1,1,6,1,1,2,6,2,2
8,Baseline,The_Best_Man’s_Toast,3512.3897,0.5,2,1,1,5,1,2,6,5,2,0
9,BrainCEMISID,The_Best_Man’s_Toast,20583.2703,0.7486825,9,9,10,10,10,8,6,4,10,2
9,Brain_No_Memory,The_Best_Man’s_Toast,11266.1307,0.7486825,7,7,9,6,9,6,4,3,8,2
9,Brain_No_Emotion,The_Best_Man’s_Toast,17330.8932,0,8,7,8,9,10,7,6,3,9,2
9,Baseline,The_Best_Man’s_Toast,3933.8533,0.5,7,4,3,5,4,4,3,2,5,0
10,BrainCEMISID,The_Best_Man’s_Toast,21461.6754,0.6996363322,4,2,2,1,2,8,7,7,4,2
10,Brain_No_Memory,The_Best_Man’s_Toast,11105.7628,0.678827344,8,8,3,9,9,9,8,3,8,2
10,Brain_No_Emotion,The_Best_Man’s_Toast,17641.6556,0,8,6,3,10,7,8,7,6,8,2
10,Baseline,The_Best_Man’s_Toast,3657.0588,0.5,5,6,3,10,9,7,7,2,9,0
11,BrainCEMISID,The_Best_Man’s_Toast,19723.9438,0.6847454325,8,5,3,9,6,4,5,6,3,2
11,Brain_No_Memory,The_Best_Man’s_Toast,11167.7152,0.6701791408,8,10,10,4,9,9,8,4,9,2
11,Brain_No_Emotion,The_Best_Man’s_Toast,16768.9656,0,9,8,9,6,10,7,6,4,10,2
11,Baseline,The_Best_Man’s_Toast,3036.3696,0.5,7,6,4,5,8,2,4,2,9,0
12,BrainCEMISID,The_Best_Man’s_Toast,19599.6607,0.6880054228,8,5,7,6,9,9,8,4,8,2
12,Brain_No_Memory,The_Best_Man’s_Toast,11068.986,0.7012144,7,4,5,6,6,2,5,4,6,2
12,Brain_No_Emotion,The_Best_Man’s_Toast,16138.804,0,8,6,7,3,9,7,6,3,8,2
12,Baseline,The_Best_Man’s_Toast,4163.7231,0.5,9,7,4,4,8,7,5,5,9,0
13,BrainCEMISID,The_Best_Man’s_Toast,19671.1091,0.7228032537,9,9,9,7,9,10,9,1,9,2
13,Brain_No_Memory,The_Best_Man’s_Toast,11229.7448,0.73072864,6,4,5,1,4,8,6,1,6,2
13,Brain_No_Emotion,The_Best_Man’s_Toast,17275.0087,0,9,8,8,7,9,8,7,1,9,2
13,Baseline,The_Best_Man’s_Toast,4124.9022,0.5,8,8,6,9,9,7,8,2,9,0
1,BrainCEMISID,The_Alithia-7_Pressure_Breach,19118.4806,0.4,8,4,2,10,6,5,5,1,7,2
1,Brain_No_Memory,The_Alithia-7_Pressure_Breach,11621.5929,0.4,8,8,5,9,9,8,7,3,9,2
1,Brain_No_Emotion,The_Alithia-7_Pressure_Breach,17431.3657,0,9,7,3,10,6,8,7,3,9,2
1,Baseline,The_Alithia-7_Pressure_Breach,2388.6503,0.5,10,10,4,10,10,3,2,1,10,0
2,BrainCEMISID,The_Alithia-7_Pressure_Breach,20571.9014,0.775,8,6,3,8,7,9,7,5,6,2
2,Brain_No_Memory,The_Alithia-7_Pressure_Breach,11461.6107,0.775,8,7,9,7,9,10,9,8,8,2
2,Brain_No_Emotion,The_Alithia-7_Pressure_Breach,17961.2819,0,7,3,3,8,7,4,2,4,7,2
2,Baseline,The_Alithia-7_Pressure_Breach,3957.4328,0.5,5,3,1,5,3,1,2,2,4,0
3,BrainCEMISID,The_Alithia-7_Pressure_Breach,19410.379,0.7875,7,2,2,9,5,8,5,4,2,2
3,Brain_No_Memory,The_Alithia-7_Pressure_Breach,11606.463,0.7875,6,2,2,8,4,9,9,4,2,2
3,Brain_No_Emotion,The_Alithia-7_Pressure_Breach,17445.395,0,9,3,5,10,10,9,8,7,9,2
3,Baseline,The_Alithia-7_Pressure_Breach,3890.7179,0.5,8,3,4,6,10,2,3,1,9,0
4,BrainCEMISID,The_Alithia-7_Pressure_Breach,19711.294,0.79125,8,3,2,1,2,5,3,6,3,2
4,Brain_No_Memory,The_Alithia-7_Pressure_Breach,10947.9347,0.79125,4,3,2,5,2,3,2,5,3,2
4,Brain_No_Emotion,The_Alithia-7_Pressure_Breach,17292.3354,0,8,5,2,1,4,5,2,5,6,2
4,Baseline,The_Alithia-7_Pressure_Breach,3757.5062,0.5,3,3,1,3,1,1,2,3,2,0
5,BrainCEMISID,The_Alithia-7_Pressure_Breach,20036.3548,0.7565,9,4,6,4,8,9,8,4,9,2
5,Brain_No_Memory,The_Alithia-7_Pressure_Breach,11008.39,0.7565,9,6,7,9,9,10,8,7,9,2
5,Brain_No_Emotion,The_Alithia-7_Pressure_Breach,17467.2849,0,7,2,2,1,3,8,7,6,5,2
5,Baseline,The_Alithia-7_Pressure_Breach,3963.6115,0.5,3,2,1,1,2,1,4,6,3,0
6,BrainCEMISID,The_Alithia-7_Pressure_Breach,20052.5544,0.8213,9,3,8,5,3,10,9,4,9,2
6,Brain_No_Memory,The_Alithia-7_Pressure_Breach,11409.9484,0.8213,7,2,5,7,5,9,8,3,6,2
6,Brain_No_Emotion,The_Alithia-7_Pressure_Breach,17836.1914,0,5,2,9,2,2,8,7,5,9,2
6,Baseline,The_Alithia-7_Pressure_Breach,4417.616,0.5,3,4,1,6,2,1,1,1,3,0
7,BrainCEMISID,The_Alithia-7_Pressure_Breach,19599.2693,0.83426,2,2,2,6,5,5,4,4,3,2
7,Brain_No_Memory,The_Alithia-7_Pressure_Breach,11762.8425,0.848568,7,5,3,9,8,6,5,4,6,2
7,Brain_No_Emotion,The_Alithia-7_Pressure_Breach,16842.6393,0,10,9,10,10,10,8,7,3,10,2
7,Baseline,The_Alithia-7_Pressure_Breach,4126.6848,0.5,3,2,2,3,3,1,1,1,2,0
8,BrainCEMISID,The_Alithia-7_Pressure_Breach,20373.9556,0.773704,9,10,10,7,10,10,9,6,10,2
8,Brain_No_Memory,The_Alithia-7_Pressure_Breach,11797.2339,0.7889976,7,4,3,8,4,4,4,4,4,2
8,Brain_No_Emotion,The_Alithia-7_Pressure_Breach,17233.5597,0,8,3,4,7,7,8,7,4,8,2
8,Baseline,The_Alithia-7_Pressure_Breach,4107.0302,0.5,5,3,2,7,4,5,4,6,3,0
9,BrainCEMISID,The_Alithia-7_Pressure_Breach,19629.1812,0.8435556,7,4,6,10,8,9,8,5,8,2
9,Brain_No_Memory,The_Alithia-7_Pressure_Breach,11409.3469,0.8415834,7,4,5,8,5,9,8,5,5,2
9,Brain_No_Emotion,The_Alithia-7_Pressure_Breach,17361.6938,0,7,7,9,6,7,8,7,4,9,2
9,Baseline,The_Alithia-7_Pressure_Breach,3932.6005,0.5,3,3,7,10,5,9,7,5,6,0
10,BrainCEMISID,The_Alithia-7_Pressure_Breach,19856.7605,0.8233889,7,2,2,10,3,8,8,5,7,2
10,Brain_No_Memory,The_Alithia-7_Pressure_Breach,12489.9173,0.842239616,7,4,3,9,6,9,6,4,5,2
10,Brain_No_Emotion,The_Alithia-7_Pressure_Breach,17879.7037,0,9,6,2,10,8,8,4,4,8,2
10,Baseline,The_Alithia-7_Pressure_Breach,4033.5583,0.5,3,2,2,3,2,1,2,4,2,0
11,BrainCEMISID,The_Alithia-7_Pressure_Breach,19557.3446,0.80201667,8,6,1,9,1,10,9,6,2,2
11,Brain_No_Memory,The_Alithia-7_Pressure_Breach,11062.619,0.801868755,2,4,7,5,2,8,8,5,1,2
11,Brain_No_Emotion,The_Alithia-7_Pressure_Breach,17437.2174,0,10,10,10,10,10,9,9,6,10,2
11,Baseline,The_Alithia-7_Pressure_Breach,3977.3964,0.5,7,5,2,10,3,1,2,1,6,0
12,BrainCEMISID,The_Alithia-7_Pressure_Breach,19581.9286,0.760806668,9,9,10,3,10,10,9,5,10,2
12,Brain_No_Memory,The_Alithia-7_Pressure_Breach,11432.2319,0.760747502,5,3,2,4,3,8,7,4,5,2
12,Brain_No_Emotion,The_Alithia-7_Pressure_Breach,16769.1696,0,9,10,10,6,10,9,8,6,10,2
12,Baseline,The_Alithia-7_Pressure_Breach,3753.0342,0.5,9,10,9,9,10,10,8,6,10,0
13,BrainCEMISID,The_Alithia-7_Pressure_Breach,19068.3693,0.7603750046,9,8,9,6,9,9,9,2,9,2
13,Brain_No_Memory,The_Alithia-7_Pressure_Breach,10813.1877,0.7572205069,7,7,8,4,8,9,8,1,7,2
13,Brain_No_Emotion,The_Alithia-7_Pressure_Breach,17614.9238,0,9,8,9,7,10,8,8,3,9,2
13,Baseline,The_Alithia-7_Pressure_Breach,3919.4264,0.5,4,4,5,6,10,10,6,3,9,0
1,BrainCEMISID,Andean_Disaster_Response:_Autonomous_Triage,18940.9713,0.75,8,7,4,9,7,8,7,1,8,2
1,Brain_No_Memory,Andean_Disaster_Response:_Autonomous_Triage,11165.9078,0.75,8,7,5,9,8,8,8,1,8,2
1,Brain_No_Emotion,Andean_Disaster_Response:_Autonomous_Triage,15456.4864,0,9,8,5,10,10,7,7,1,10,2
1,Baseline,Andean_Disaster_Response:_Autonomous_Triage,2714.3171,0.5,10,9,6,10,10,7,8,2,10,0
2,BrainCEMISID,Andean_Disaster_Response:_Autonomous_Triage,19523.8548,0.84,8,6,4,1,2,9,6,3,7,2
2,Brain_No_Memory,Andean_Disaster_Response:_Autonomous_Triage,11032.1402,0.84,7,4,4,0,0,8,7,4,6,2
2,Brain_No_Emotion,Andean_Disaster_Response:_Autonomous_Triage,17250.036,0,8,6,6,1,2,7,5,4,8,2
2,Baseline,Andean_Disaster_Response:_Autonomous_Triage,3874.2561,0.5,5,4,2,1,1,1,2,3,4,0
3,BrainCEMISID,Andean_Disaster_Response:_Autonomous_Triage,19451.3611,0.8415,3,2,2,5,1,7,6,3,1,2
3,Brain_No_Memory,Andean_Disaster_Response:_Autonomous_Triage,11010.3255,0.8415,3,1,2,0,0,5,6,3,1,2
3,Brain_No_Emotion,Andean_Disaster_Response:_Autonomous_Triage,16173.5132,0,2,3,5,7,1,5,5,3,1,2
3,Baseline,Andean_Disaster_Response:_Autonomous_Triage,3918.045,0.5,4,2,10,10,2,10,10,9,3,0
4,BrainCEMISID,Andean_Disaster_Response:_Autonomous_Triage,22880.9172,0.8636,3,1,2,2,1,2,2,3,1,2
4,Brain_No_Memory,Andean_Disaster_Response:_Autonomous_Triage,10688.6388,0.8636,4,2,2,1,2,3,2,2,3,2
4,Brain_No_Emotion,Andean_Disaster_Response:_Autonomous_Triage,17123.3848,0,5,3,2,1,4,1,2,1,4,2
4,Baseline,Andean_Disaster_Response:_Autonomous_Triage,3784.6881,0.5,4,3,2,1,2,1,2,1,3,0
5,BrainCEMISID,Andean_Disaster_Response:_Autonomous_Triage,18744.1475,0.85513125,5,3,3,10,2,8,6,3,5,2
5,Brain_No_Memory,Andean_Disaster_Response:_Autonomous_Triage,10899.1605,0.85513125,7,3,4,9,1,9,8,4,5,2
5,Brain_No_Emotion,Andean_Disaster_Response:_Autonomous_Triage,15939.6247,0,4,1,1,7,2,4,3,2,4,2
5,Baseline,Andean_Disaster_Response:_Autonomous_Triage,4162.6521,0.5,4,4,2,10,3,2,3,2,3,0
6,BrainCEMISID,Andean_Disaster_Response:_Autonomous_Triage,19508.0319,0.867816,4,1,2,6,2,5,4,3,1,2
6,Brain_No_Memory,Andean_Disaster_Response:_Autonomous_Triage,10801.5749,0.867816,7,1,2,6,1,5,4,3,1,2
6,Brain_No_Emotion,Andean_Disaster_Response:_Autonomous_Triage,17504.4729,0,8,2,3,8,2,8,7,5,1,2
6,Baseline,Andean_Disaster_Response:_Autonomous_Triage,4048.9345,0.5,7,5,2,8,6,1,1,2,5,0
7,BrainCEMISID,Andean_Disaster_Response:_Autonomous_Triage,20515.0123,0.8411539375,8,7,5,7,10,4,3,4,9,2
7,Brain_No_Memory,Andean_Disaster_Response:_Autonomous_Triage,10891.4498,0.8411539375,7,2,2,1,0,8,8,7,4,2
7,Brain_No_Emotion,Andean_Disaster_Response:_Autonomous_Triage,17674.9282,0,9,8,9,9,10,9,8,10,10,2
7,Baseline,Andean_Disaster_Response:_Autonomous_Triage,4199.0973,0.5,2,2,1,4,1,1,1,1,1,0
8,BrainCEMISID,Andean_Disaster_Response:_Autonomous_Triage,20343.9322,0.7992500594,4,5,5,5,6,8,7,3,6,2
8,Brain_No_Memory,Andean_Disaster_Response:_Autonomous_Triage,11581.7611,0.7992500594,5,2,3,2,4,7,6,2,3,2
8,Brain_No_Emotion,Andean_Disaster_Response:_Autonomous_Triage,18303.6919,0,5,2,3,4,3,5,4,1,1,2
8,Baseline,Andean_Disaster_Response:_Autonomous_Triage,4251.5641,0.5,7,9,9,10,10,10,9,5,10,0
9,BrainCEMISID,Andean_Disaster_Response:_Autonomous_Triage,20971.7507,0.8457146888,10,8,8,10,10,9,8,6,9,2
9,Brain_No_Memory,Andean_Disaster_Response:_Autonomous_Triage,12045.0819,0.8457146888,5,2,2,7,1,5,3,4,2,2
9,Brain_No_Emotion,Andean_Disaster_Response:_Autonomous_Triage,17077.6419,0,8,3,2,10,3,8,7,5,3,2
9,Baseline,Andean_Disaster_Response:_Autonomous_Triage,3772.3395,0.5,2,2,1,8,2,1,1,1,1,0
10,BrainCEMISID,Andean_Disaster_Response:_Autonomous_Triage,20332.2937,0.8326430788,8,5,2,10,10,9,8,3,9,2
10,Brain_No_Memory,Andean_Disaster_Response:_Autonomous_Triage,11510.8997,0.8326430788,2,3,2,9,6,9,8,3,1,2
10,Brain_No_Emotion,Andean_Disaster_Response:_Autonomous_Triage,15589.8397,0,9,8,3,10,10,7,4,2,9,2
10,Baseline,Andean_Disaster_Response:_Autonomous_Triage,2832.8995,0.5,9,8,2,10,10,4,3,2,9,0
11,BrainCEMISID,Andean_Disaster_Response:_Autonomous_Triage,19809.4175,0.834247721,8,3,1,6,1,9,8,7,2,2
11,Brain_No_Memory,Andean_Disaster_Response:_Autonomous_Triage,12536.7397,0.834247721,7,4,10,5,9,9,8,5,9,2
11,Brain_No_Emotion,Andean_Disaster_Response:_Autonomous_Triage,15757.7673,0,4,2,1,4,1,6,4,4,2,2
11,Baseline,Andean_Disaster_Response:_Autonomous_Triage,3983.7944,0.5,4,2,10,10,4,7,7,2,10,0
12,BrainCEMISID,Andean_Disaster_Response:_Autonomous_Triage,20367.519,0.8505991155,3,3,3,1,3,3,1,1,3,2
12,Brain_No_Memory,Andean_Disaster_Response:_Autonomous_Triage,12334.4716,0.8505991155,8,3,2,5,3,9,8,3,6,2
12,Brain_No_Emotion,Andean_Disaster_Response:_Autonomous_Triage,15819.242,0,10,9,10,8,10,8,7,2,10,2
12,Baseline,Andean_Disaster_Response:_Autonomous_Triage,4009.7602,0.5,3,2,2,4,2,5,4,2,3,0
13,BrainCEMISID,Andean_Disaster_Response:_Autonomous_Triage,20072.8072,0.8203594693,3,4,2,6,4,3,3,1,4,2
13,Brain_No_Memory,Andean_Disaster_Response:_Autonomous_Triage,11590.1684,0.8203594693,8,9,9,7,9,9,9,5,8,2
13,Brain_No_Emotion,Andean_Disaster_Response:_Autonomous_Triage,17133.4433,0,10,10,10,9,10,9,9,1,10,2
13,Baseline,Andean_Disaster_Response:_Autonomous_Triage,3852.7628,0.5,6,4,2,8,5,1,2,1,5,0
1,BrainCEMISID,Operation_Sylvan_Shield:_The_Silent_Forest,18738.1045,0.4,7,5,2,8,3,5,4,1,6,2
1,Brain_No_Memory,Operation_Sylvan_Shield:_The_Silent_Forest,10888.9956,0.4,7,7,3,9,8,4,3,1,7,2
1,Brain_No_Emotion,Operation_Sylvan_Shield:_The_Silent_Forest,14901.0384,0,8,3,1,9,3,5,3,1,6,2
1,Baseline,Operation_Sylvan_Shield:_The_Silent_Forest,2379.9404,0.5,10,8,4,10,10,7,8,1,9,0
2,BrainCEMISID,Operation_Sylvan_Shield:_The_Silent_Forest,19765.8978,0.7,8,4,8,2,7,9,8,5,8,2
2,Brain_No_Memory,Operation_Sylvan_Shield:_The_Silent_Forest,11243.2401,0.7,8,7,9,7,8,9,9,7,8,2
2,Brain_No_Emotion,Operation_Sylvan_Shield:_The_Silent_Forest,17172.3826,0,7,3,3,6,7,4,3,4,6,2
2,Baseline,Operation_Sylvan_Shield:_The_Silent_Forest,3827.7089,0.5,5,4,1,6,2,1,1,3,5,0
3,BrainCEMISID,Operation_Sylvan_Shield:_The_Silent_Forest,19700.2387,0.7755,6,5,1,5,2,3,1,3,4,2
3,Brain_No_Memory,Operation_Sylvan_Shield:_The_Silent_Forest,11841.651,0.7755,5,4,2,5,1,5,2,3,3,2
3,Brain_No_Emotion,Operation_Sylvan_Shield:_The_Silent_Forest,16648.5061,0,7,5,2,2,2,3,1,2,4,2
3,Baseline,Operation_Sylvan_Shield:_The_Silent_Forest,3738.5764,0.5,9,8,2,9,3,6,3,4,5,0
4,BrainCEMISID,Operation_Sylvan_Shield:_The_Silent_Forest,19380.0769,0.846,9,8,9,6,10,10,8,6,10,2
4,Brain_No_Memory,Operation_Sylvan_Shield:_The_Silent_Forest,11172.0179,0.846,7,2,5,6,4,9,7,6,1,2
4,Brain_No_Emotion,Operation_Sylvan_Shield:_The_Silent_Forest,17072.706,0,7,2,3,4,5,6,4,3,2,2
4,Baseline,Operation_Sylvan_Shield:_The_Silent_Forest,4031.4203,0.5,6,5,9,9,10,9,9,8,10,0
5,BrainCEMISID,Operation_Sylvan_Shield:_The_Silent_Forest,19323.1786,0.80262,7,4,2,2,3,5,6,3,6,2
5,Brain_No_Memory,Operation_Sylvan_Shield:_The_Silent_Forest,11174.4066,0.80262,8,9,10,9,9,9,9,7,9,2
5,Brain_No_Emotion,Operation_Sylvan_Shield:_The_Silent_Forest,17408.1402,0,7,4,2,6,6,6,6,6,6,2
5,Baseline,Operation_Sylvan_Shield:_The_Silent_Forest,3056.56,0.5,9,7,3,10,9,5,7,6,9,0
6,BrainCEMISID,Operation_Sylvan_Shield:_The_Silent_Forest,20495.1865,0.79562,8,5,9,4,7,9,9,4,8,2
6,Brain_No_Memory,Operation_Sylvan_Shield:_The_Silent_Forest,11159.8274,0.79562,8,6,9,5,6,10,9,6,7,2
6,Brain_No_Emotion,Operation_Sylvan_Shield:_The_Silent_Forest,16999.081,0,5,3,2,3,2,6,4,2,3,2
6,Baseline,Operation_Sylvan_Shield:_The_Silent_Forest,2756.4718,0.5,9,8,6,8,10,5,8,2,9,0
7,BrainCEMISID,Operation_Sylvan_Shield:_The_Silent_Forest,19512.122,0.839323575,7,6,9,9,5,9,10,7,9,2
7,Brain_No_Memory,Operation_Sylvan_Shield:_The_Silent_Forest,11654.8732,0.839323575,9,8,10,6,1,10,10,6,9,2
7,Brain_No_Emotion,Operation_Sylvan_Shield:_The_Silent_Forest,17433.4563,0,8,6,8,7,8,4,7,4,8,2
7,Baseline,Operation_Sylvan_Shield:_The_Silent_Forest,4116.6456,0.5,5,4,5,7,5,1,4,1,5,0
8,BrainCEMISID,Operation_Sylvan_Shield:_The_Silent_Forest,19305.4327,0.8291279663,7,2,3,6,5,7,4,3,5,2
8,Brain_No_Memory,Operation_Sylvan_Shield:_The_Silent_Forest,11269.376,0.8291279663,5,2,1,7,1,6,4,7,2,2
8,Brain_No_Emotion,Operation_Sylvan_Shield:_The_Silent_Forest,17949.1282,0,7,3,3,4,4,5,2,2,5,2
8,Baseline,Operation_Sylvan_Shield:_The_Silent_Forest,3963.1663,0.5,1,1,2,5,3,3,4,5,1,0
9,BrainCEMISID,Operation_Sylvan_Shield:_The_Silent_Forest,20337.6176,0.83942406,9,3,7,7,5,9,8,3,8,2
9,Brain_No_Memory,Operation_Sylvan_Shield:_The_Silent_Forest,12152.8429,0.83942406,8,8,9,7,8,9,9,3,8,2
9,Brain_No_Emotion,Operation_Sylvan_Shield:_The_Silent_Forest,17209.4403,0,3,3,3,1,3,2,0,1,3,2
9,Baseline,Operation_Sylvan_Shield:_The_Silent_Forest,5521.227,0.5,9,8,5,9,9,4,5,3,9,0
10,BrainCEMISID,Operation_Sylvan_Shield:_The_Silent_Forest,20734.7523,0.853413609,7,3,3,2,5,8,7,4,5,2
10,Brain_No_Memory,Operation_Sylvan_Shield:_The_Silent_Forest,10817.4031,0.853413609,2,2,5,8,7,9,8,5,2,2
10,Brain_No_Emotion,Operation_Sylvan_Shield:_The_Silent_Forest,16755.2291,0,8,3,4,6,9,7,5,3,8,2
10,Baseline,Operation_Sylvan_Shield:_The_Silent_Forest,4050.8743,0.5,5,3,1,7,5,1,2,1,4,0
11,BrainCEMISID,Operation_Sylvan_Shield:_The_Silent_Forest,19261.4399,0.865605273,2,1,2,6,2,4,3,4,1,2
11,Brain_No_Memory,Operation_Sylvan_Shield:_The_Silent_Forest,11133.0261,0.865605273,3,1,2,7,1,5,4,3,1,2
11,Brain_No_Emotion,Operation_Sylvan_Shield:_The_Silent_Forest,17789.613,0,3,2,3,6,2,3,3,4,2,2
11,Baseline,Operation_Sylvan_Shield:_The_Silent_Forest,3846.63,0.5,9,8,9,8,10,8,9,4,10,0
12,BrainCEMISID,Operation_Sylvan_Shield:_The_Silent_Forest,21974.2017,0.8116536124,5,3,2,6,3,5,2,2,3,2
12,Brain_No_Memory,Operation_Sylvan_Shield:_The_Silent_Forest,11937.6125,0.8293631638,5,3,2,9,3,6,2,4,5,2
12,Brain_No_Emotion,Operation_Sylvan_Shield:_The_Silent_Forest,17598.1677,0,4,4,2,8,5,2,1,3,4,2
12,Baseline,Operation_Sylvan_Shield:_The_Silent_Forest,3977.5723,0.5,7,5,5,10,7,9,6,8,8,0
13,BrainCEMISID,Operation_Sylvan_Shield:_The_Silent_Forest,21011.2125,0.7800748481,8,5,2,3,9,6,4,3,10,2
13,Brain_No_Memory,Operation_Sylvan_Shield:_The_Silent_Forest,11018.7375,0.794984171,7,5,3,3,8,7,4,3,8,2
13,Brain_No_Emotion,Operation_Sylvan_Shield:_The_Silent_Forest,17927.744,0,9,8,10,8,10,8,8,3,10,2
13,Baseline,Operation_Sylvan_Shield:_The_Silent_Forest,4458.8712,0.5,2,2,2,6,3,5,4,6,2,0
1,BrainCEMISID,The_High-Pressure_Monday_Morning,18694.0123,0.4,10,9,10,10,10,9,8,3,10,2
1,Brain_No_Memory,The_High-Pressure_Monday_Morning,10271.8727,0.4,9,9,10,9,9,10,8,3,9,2
1,Brain_No_Emotion,The_High-Pressure_Monday_Morning,14375.439,0,9,4,3,7,5,8,7,3,9,2
1,Baseline,The_High-Pressure_Monday_Morning,2594.5395,0.5,6,5,6,8,10,2,3,1,8,0
2,BrainCEMISID,The_High-Pressure_Monday_Morning,18269.5376,0.7,9,9,4,8,8,8,4,3,9,2
2,Brain_No_Memory,The_High-Pressure_Monday_Morning,10708.5993,0.7,1,4,1,6,4,4,1,3,1,2
2,Brain_No_Emotion,The_High-Pressure_Monday_Morning,16587.5105,0,8,9,2,6,4,2,1,1,8,2
2,Baseline,The_High-Pressure_Monday_Morning,2536.1232,0.5,8,8,2,10,3,2,1,1,5,0
3,BrainCEMISID,The_High-Pressure_Monday_Morning,18749.9742,0.82,8,5,3,3,7,8,3,2,7,2
3,Brain_No_Memory,The_High-Pressure_Monday_Morning,10283.7865,0.82,7,3,3,6,6,8,3,3,6,2
3,Brain_No_Emotion,The_High-Pressure_Monday_Morning,15599.3538,0,7,5,4,4,4,6,3,2,7,2
3,Baseline,The_High-Pressure_Monday_Morning,3710.5756,0.5,7,5,2,6,2,1,1,4,5,0
4,BrainCEMISID,The_High-Pressure_Monday_Morning,18104.1873,0.802,8,4,3,9,10,4,2,3,5,2
4,Brain_No_Memory,The_High-Pressure_Monday_Morning,10659.2897,0.802,5,3,2,7,3,5,2,2,1,2
4,Brain_No_Emotion,The_High-Pressure_Monday_Morning,15816.7155,0,4,5,3,7,6,1,1,4,3,2
4,Baseline,The_High-Pressure_Monday_Morning,3969.3024,0.5,3,2,1,3,1,1,1,1,1,0
5,BrainCEMISID,The_High-Pressure_Monday_Morning,18971.1071,0.7912,10,7,10,10,10,10,10,5,10,2
5,Brain_No_Memory,The_High-Pressure_Monday_Morning,11004.5948,0.7912,5,3,1,7,0,9,8,7,1,2
5,Brain_No_Emotion,The_High-Pressure_Monday_Morning,17247.3921,0,10,10,10,10,10,9,8,9,10,2
5,Baseline,The_High-Pressure_Monday_Morning,3700.8828,0.5,9,8,2,6,5,10,9,3,9,0
6,BrainCEMISID,The_High-Pressure_Monday_Morning,19079.0648,0.74884,8,3,4,5,5,9,9,8,4,2
6,Brain_No_Memory,The_High-Pressure_Monday_Morning,10529.7419,0.74884,8,4,3,2,2,10,9,7,8,2
6,Brain_No_Emotion,The_High-Pressure_Monday_Morning,15915.7395,0,8,3,2,5,2,8,7,7,7,2
6,Baseline,The_High-Pressure_Monday_Morning,3804.2204,0.5,9,6,1,2,2,8,8,3,9,0
7,BrainCEMISID,The_High-Pressure_Monday_Morning,19657.6843,0.839536,8,6,4,9,5,9,8,4,5,2
7,Brain_No_Memory,The_High-Pressure_Monday_Morning,11487.1899,0.839536,7,6,5,8,5,9,8,5,6,2
7,Brain_No_Emotion,The_High-Pressure_Monday_Morning,15957.6965,0,6,3,2,8,2,4,3,1,3,2
7,Baseline,The_High-Pressure_Monday_Morning,4109.4721,0.5,4,3,2,9,4,1,2,2,3,0
8,BrainCEMISID,The_High-Pressure_Monday_Morning,18566.7324,0.79964128,10,8,9,7,10,10,9,6,10,2
8,Brain_No_Memory,The_High-Pressure_Monday_Morning,10579.2238,0.79964128,8,7,9,5,6,9,9,4,8,2
8,Brain_No_Emotion,The_High-Pressure_Monday_Morning,15862.6011,0,9,7,8,6,9,8,4,5,9,2
8,Baseline,The_High-Pressure_Monday_Morning,4065.9704,0.5,4,3,2,4,5,1,2,1,3,0
9,BrainCEMISID,The_High-Pressure_Monday_Morning,33514.1344,0.794892384,8,3,2,7,2,2,4,3,5,2
9,Brain_No_Memory,The_High-Pressure_Monday_Morning,11081.0502,0.794892384,7,2,4,6,1,9,6,3,4,2
9,Brain_No_Emotion,The_High-Pressure_Monday_Morning,17189.854,0,8,3,2,7,5,6,3,2,7,2
9,Baseline,The_High-Pressure_Monday_Morning,4273.953,0.5,5,3,1,3,2,1,2,1,4,0
10,BrainCEMISID,The_High-Pressure_Monday_Morning,18950.7329,0.840130304,5,1,1,1,1,3,4,1,1,2
10,Brain_No_Memory,The_High-Pressure_Monday_Morning,10574.851,0.840130304,4,1,1,0,0,6,7,4,1,2
10,Brain_No_Emotion,The_High-Pressure_Monday_Morning,15672.6545,0,4,1,1,2,1,4,2,1,1,2
10,Baseline,The_High-Pressure_Monday_Morning,5119.9119,0.5,2,3,2,2,4,1,2,1,3,0
11,BrainCEMISID,The_High-Pressure_Monday_Morning,19291.4016,0.8405698675,7,5,2,1,7,3,2,1,4,2
11,Brain_No_Memory,The_High-Pressure_Monday_Morning,11041.9388,0.8405698675,7,7,3,0,4,3,2,3,3,2
11,Brain_No_Emotion,The_High-Pressure_Monday_Morning,16807.8246,0,6,5,2,1,3,2,1,1,4,2
11,Baseline,The_High-Pressure_Monday_Morning,4288.9632,0.5,4,3,1,1,2,1,1,1,2,0
12,BrainCEMISID,The_High-Pressure_Monday_Morning,19005.9654,0.8320390912,6,5,3,8,4,4,3,2,4,2
12,Brain_No_Memory,The_High-Pressure_Monday_Morning,10824.5315,0.8320390912,3,5,3,8,2,3,2,1,3,2
12,Brain_No_Emotion,The_High-Pressure_Monday_Morning,15399.9019,0,3,3,2,6,2,1,0,1,3,2
12,Baseline,The_High-Pressure_Monday_Morning,4200.8906,0.5,4,4,2,7,3,2,2,1,3,0
13,BrainCEMISID,The_High-Pressure_Monday_Morning,18911.1357,0.7093437114,2,3,2,6,2,1,3,2,3,2
13,Brain_No_Memory,The_High-Pressure_Monday_Morning,10604.194,0.7093437114,1,3,2,3,1,1,3,2,1,2
13,Brain_No_Emotion,The_High-Pressure_Monday_Morning,16692.3031,0,2,3,2,6,2,0,2,2,1,2
13,Baseline,The_High-Pressure_Monday_Morning,4113.4513,0.5,4,2,2,4,2,5,2,3,4,0
1,BrainCEMISID,Municipal_Data_Center_Zero-Day_Response,17790.8543,0.7,9,5,3,5,10,9,7,2,10,2
1,Brain_No_Memory,Municipal_Data_Center_Zero-Day_Response,11330.4673,0.7,9,7,9,9,9,8,7,1,9,2
1,Brain_No_Emotion,Municipal_Data_Center_Zero-Day_Response,14509.3442,0,10,10,10,10,10,9,8,4,10,2
1,Baseline,Municipal_Data_Center_Zero-Day_Response,4078.6342,0.5,9,9,9,10,10,7,8,3,10,0
2,BrainCEMISID,Municipal_Data_Center_Zero-Day_Response,19305.2834,0.765,8,5,3,4,4,8,7,5,4,2
2,Brain_No_Memory,Municipal_Data_Center_Zero-Day_Response,10710.4358,0.765,7,5,4,6,4,9,8,5,5,2
2,Brain_No_Emotion,Municipal_Data_Center_Zero-Day_Response,15188.5253,0,8,4,3,5,3,7,6,6,4,2
2,Baseline,Municipal_Data_Center_Zero-Day_Response,3855.1708,0.5,4,4,2,5,3,2,4,5,4,0
3,BrainCEMISID,Municipal_Data_Center_Zero-Day_Response,18278.5698,0.7845,10,10,10,10,10,10,10,8,10,2
3,Brain_No_Memory,Municipal_Data_Center_Zero-Day_Response,11631.9057,0.7845,8,7,10,9,9,10,10,4,7,2
3,Brain_No_Emotion,Municipal_Data_Center_Zero-Day_Response,15715.9091,0,10,10,10,10,10,9,9,7,10,2
3,Baseline,Municipal_Data_Center_Zero-Day_Response,3038.2378,0.5,10,8,7,5,10,6,6,1,10,0
4,BrainCEMISID,Municipal_Data_Center_Zero-Day_Response,18368.4911,0.8344,9,8,8,7,10,9,8,3,10,2
4,Brain_No_Memory,Municipal_Data_Center_Zero-Day_Response,10988.8886,0.8344,4,2,1,2,0,4,3,3,1,2
4,Brain_No_Emotion,Municipal_Data_Center_Zero-Day_Response,16628.1586,0,7,4,5,6,8,4,2,4,7,2
4,Baseline,Municipal_Data_Center_Zero-Day_Response,4016.1431,0.5,8,6,5,2,6,4,3,2,6,0
5,BrainCEMISID,Municipal_Data_Center_Zero-Day_Response,18714.7273,0.81064,10,10,10,8,10,10,10,7,10,2
5,Brain_No_Memory,Municipal_Data_Center_Zero-Day_Response,11231.6995,0.81064,7,7,9,7,8,9,9,6,7,2
5,Brain_No_Emotion,Municipal_Data_Center_Zero-Day_Response,15839.9134,0,9,9,10,6,10,8,8,5,10,2
5,Baseline,Municipal_Data_Center_Zero-Day_Response,3832.3328,0.5,4,2,1,5,1,1,2,4,1,0
6,BrainCEMISID,Municipal_Data_Center_Zero-Day_Response,19242.3664,0.796384,9,4,2,3,2,8,8,6,8,2
6,Brain_No_Memory,Municipal_Data_Center_Zero-Day_Response,10834.5264,0.796384,7,3,2,5,1,7,6,4,7,2
6,Brain_No_Emotion,Municipal_Data_Center_Zero-Day_Response,16383.0046,0,7,1,1,6,1,6,5,4,5,2
6,Baseline,Municipal_Data_Center_Zero-Day_Response,3919.5688,0.5,8,4,1,7,2,6,8,6,7,0
7,BrainCEMISID,Municipal_Data_Center_Zero-Day_Response,20067.8775,0.8302512,10,9,10,10,10,10,9,7,10,2
7,Brain_No_Memory,Municipal_Data_Center_Zero-Day_Response,10945.2582,0.8302512,8,7,10,9,9,9,8,3,9,2
7,Brain_No_Emotion,Municipal_Data_Center_Zero-Day_Response,16003.077,0,9,8,9,7,10,8,8,2,10,2
7,Baseline,Municipal_Data_Center_Zero-Day_Response,3873.441,0.5,6,1,2,8,4,1,1,1,10,0
8,BrainCEMISID,Municipal_Data_Center_Zero-Day_Response,18215.8646,0.78961578,10,9,10,10,10,9,8,7,10,2
8,Brain_No_Memory,Municipal_Data_Center_Zero-Day_Response,10611.0324,0.78961578,9,8,9,9,9,9,9,4,9,2
8,Brain_No_Emotion,Municipal_Data_Center_Zero-Day_Response,16243.2189,0,8,3,2,4,2,8,7,9,3,2
8,Baseline,Municipal_Data_Center_Zero-Day_Response,4232.9446,0.5,4,2,1,3,1,1,2,1,2,0
9,BrainCEMISID,Municipal_Data_Center_Zero-Day_Response,19856.3934,0.848840192,7,3,4,4,4,8,4,2,6,2
9,Brain_No_Memory,Municipal_Data_Center_Zero-Day_Response,10881.4146,0.848840192,6,2,3,2,4,8,4,3,6,2
9,Brain_No_Emotion,Municipal_Data_Center_Zero-Day_Response,15583.4134,0,8,4,6,6,8,7,6,4,8,2
9,Baseline,Municipal_Data_Center_Zero-Day_Response,4025.6554,0.5,4,3,3,8,2,2,3,2,3,0
10,BrainCEMISID,Municipal_Data_Center_Zero-Day_Response,16868.9617,0.8104711835,10,4,5,5,5,10,9,3,9,2
10,Brain_No_Memory,Municipal_Data_Center_Zero-Day_Response,11179.8152,0.8104711835,7,4,4,3,8,9,9,5,7,2
10,Brain_No_Emotion,Municipal_Data_Center_Zero-Day_Response,14894.7093,0,10,10,10,10,10,9,8,6,10,2
10,Baseline,Municipal_Data_Center_Zero-Day_Response,3536.5511,0.5,10,10,10,10,10,10,10,5,10,0
11,BrainCEMISID,Municipal_Data_Center_Zero-Day_Response,19344.0444,0.7981413551,9,9,10,9,10,10,9,5,10,2
11,Brain_No_Memory,Municipal_Data_Center_Zero-Day_Response,11259.6822,0.7981413551,8,10,10,7,9,9,9,6,9,2
11,Brain_No_Emotion,Municipal_Data_Center_Zero-Day_Response,15905.4043,0,10,10,10,10,10,9,8,6,10,2
11,Baseline,Municipal_Data_Center_Zero-Day_Response,3654.8816,0.5,6,4,2,5,7,1,2,1,4,0
12,BrainCEMISID,Municipal_Data_Center_Zero-Day_Response,17785.2845,0.788884813,8,7,7,1,8,9,7,6,9,2
12,Brain_No_Memory,Municipal_Data_Center_Zero-Day_Response,10603.8306,0.788884813,4,4,2,1,2,8,3,4,3,2
12,Brain_No_Emotion,Municipal_Data_Center_Zero-Day_Response,15789.84,0,7,5,4,1,6,4,3,3,7,2
12,Baseline,Municipal_Data_Center_Zero-Day_Response,3993.4651,0.5,9,7,5,4,8,7,8,3,9,0
13,BrainCEMISID,Municipal_Data_Center_Zero-Day_Response,20435.1077,0.6900449014,8,6,3,7,7,5,6,2,6,2
13,Brain_No_Memory,Municipal_Data_Center_Zero-Day_Response,10521.6381,0.6900449014,7,6,5,0,7,7,6,2,6,2
13,Brain_No_Emotion,Municipal_Data_Center_Zero-Day_Response,16203.0694,0,7,4,3,2,5,5,2,3,4,2
13,Baseline,Municipal_Data_Center_Zero-Day_Response,3819.4346,0.5,4,2,2,1,1,1,2,1,2,0
1,BrainCEMISID,The_Thanksgiving_Reconciliation,18101.6399,0.7,5,2,3,6,9,10,9,4,5,2
1,Brain_No_Memory,The_Thanksgiving_Reconciliation,10509.9067,0.7,7,3,2,3,8,9,8,3,7,2
1,Brain_No_Emotion,The_Thanksgiving_Reconciliation,14238.2088,0,9,6,6,9,5,9,8,9,4,2
1,Baseline,The_Thanksgiving_Reconciliation,3958.4289,0.5,10,10,10,10,10,10,9,3,10,0
2,BrainCEMISID,The_Thanksgiving_Reconciliation,18482.4168,0.82,6,3,2,5,3,6,2,4,4,2
2,Brain_No_Memory,The_Thanksgiving_Reconciliation,10718.5339,0.82,7,3,4,4,6,9,5,3,7,2
2,Brain_No_Emotion,The_Thanksgiving_Reconciliation,15614.7179,0,7,3,2,3,5,6,2,2,4,2
2,Baseline,The_Thanksgiving_Reconciliation,3882.0438,0.5,3,4,1,2,1,1,4,2,3,0
3,BrainCEMISID,The_Thanksgiving_Reconciliation,17067.5194,0.715,9,7,6,3,5,9,8,1,7,2
3,Brain_No_Memory,The_Thanksgiving_Reconciliation,10529.2919,0.715,8,9,8,5,8,10,8,2,8,2
3,Brain_No_Emotion,The_Thanksgiving_Reconciliation,16320.6105,0,10,9,9,8,10,9,7,6,10,2
3,Baseline,The_Thanksgiving_Reconciliation,3194.3124,0.5,9,3,3,5,3,8,5,2,6,0
4,BrainCEMISID,The_Thanksgiving_Reconciliation,18445.3847,0.8212,7,2,2,3,2,6,4,2,3,2
4,Brain_No_Memory,The_Thanksgiving_Reconciliation,10447.1759,0.8212,7,4,3,0,3,7,6,2,5,2
4,Brain_No_Emotion,The_Thanksgiving_Reconciliation,15686.2947,0,8,4,3,5,5,6,3,2,6,2
4,Baseline,The_Thanksgiving_Reconciliation,3854.2689,0.5,2,3,4,2,2,1,5,2,7,0
5,BrainCEMISID,The_Thanksgiving_Reconciliation,17655.5621,0.8356,9,10,10,3,10,9,8,4,10,2
5,Brain_No_Memory,The_Thanksgiving_Reconciliation,10216.4504,0.8356,7,9,10,0,9,9,6,1,9,2
5,Brain_No_Emotion,The_Thanksgiving_Reconciliation,16549.3247,0,6,9,10,3,10,6,3,2,9,2
5,Baseline,The_Thanksgiving_Reconciliation,4313.4141,0.5,8,7,4,2,10,3,3,1,8,0
6,BrainCEMISID,The_Thanksgiving_Reconciliation,19107.2982,0.77424,9,3,3,7,8,10,9,9,9,2
6,Brain_No_Memory,The_Thanksgiving_Reconciliation,10810.8799,0.77424,8,2,10,5,8,10,10,5,8,2
6,Brain_No_Emotion,The_Thanksgiving_Reconciliation,15885.4912,0,8,2,3,5,3,7,4,4,5,2
6,Baseline,The_Thanksgiving_Reconciliation,4238.1489,0.5,6,5,2,7,2,2,3,4,5,0
7,BrainCEMISID,The_Thanksgiving_Reconciliation,18352.2676,0.787272,4,2,2,2,2,7,5,2,3,2
7,Brain_No_Memory,The_Thanksgiving_Reconciliation,9818.196,0.787272,4,6,2,3,4,1,4,1,3,2
7,Brain_No_Emotion,The_Thanksgiving_Reconciliation,16684.1759,0,3,4,2,5,2,5,7,6,4,2
7,Baseline,The_Thanksgiving_Reconciliation,4022.9192,0.5,6,4,3,10,4,7,7,4,5,0
8,BrainCEMISID,The_Thanksgiving_Reconciliation,17827.5355,0.7911816,8,7,7,3,10,9,8,4,9,2
8,Brain_No_Memory,The_Thanksgiving_Reconciliation,10847.0815,0.7911816,8,7,6,2,9,10,8,5,8,2
8,Brain_No_Emotion,The_Thanksgiving_Reconciliation,15934.1999,0,6,5,3,8,10,1,1,2,7,2
8,Baseline,The_Thanksgiving_Reconciliation,4056.0864,0.5,9,7,4,8,10,3,4,5,9,0
9,BrainCEMISID,The_Thanksgiving_Reconciliation,16499.8603,0.74882712,8,2,3,4,2,3,4,7,5,2
9,Brain_No_Memory,The_Thanksgiving_Reconciliation,10254.5381,0.74882712,8,8,10,3,9,10,9,6,9,2
9,Brain_No_Emotion,The_Thanksgiving_Reconciliation,14149.2378,0,9,3,8,4,3,8,8,5,9,2
9,Baseline,The_Thanksgiving_Reconciliation,4018.6517,0.5,5,4,2,2,3,1,1,1,3,0
10,BrainCEMISID,The_Thanksgiving_Reconciliation,19200.182,0.839530848,9,2,2,3,2,9,6,4,9,2
10,Brain_No_Memory,The_Thanksgiving_Reconciliation,11039.0312,0.839530848,7,3,2,6,2,9,8,5,4,2
10,Brain_No_Emotion,The_Thanksgiving_Reconciliation,16275.0279,0,8,7,8,9,10,1,2,9,10,2
10,Baseline,The_Thanksgiving_Reconciliation,3775.1415,0.5,5,2,1,8,1,9,8,9,4,0
11,BrainCEMISID,The_Thanksgiving_Reconciliation,18172.2424,0.813664128,10,9,10,4,10,10,9,4,10,2
11,Brain_No_Memory,The_Thanksgiving_Reconciliation,10920.3584,0.813664128,8,8,9,5,9,10,9,5,9,2
11,Brain_No_Emotion,The_Thanksgiving_Reconciliation,15952.4479,0,9,7,10,2,10,8,7,2,10,2
11,Baseline,The_Thanksgiving_Reconciliation,3835.4776,0.5,7,5,4,4,3,1,3,1,5,0
12,BrainCEMISID,The_Thanksgiving_Reconciliation,18350.5035,0.7547566993,9,7,7,1,9,9,7,6,9,2
12,Brain_No_Memory,The_Thanksgiving_Reconciliation,10476.886,0.7547566993,7,5,4,0,6,3,5,4,7,2
12,Brain_No_Emotion,The_Thanksgiving_Reconciliation,15842.3015,0,10,7,9,1,10,9,8,6,10,2
12,Baseline,The_Thanksgiving_Reconciliation,3889.9882,0.5,10,10,10,6,10,10,10,4,10,0
13,BrainCEMISID,The_Thanksgiving_Reconciliation,19130.0113,0.7628540196,8,3,3,3,3,9,7,4,8,2
13,Brain_No_Memory,The_Thanksgiving_Reconciliation,11482.1806,0.7628540196,7,4,3,4,2,9,7,4,6,2
13,Brain_No_Emotion,The_Thanksgiving_Reconciliation,16306.3948,0,5,2,2,6,2,3,2,6,2,2
13,Baseline,The_Thanksgiving_Reconciliation,4261.6072,0.5,3,2,2,6,2,8,7,4,7,0